<?xml version="1.0" encoding="UTF-8"?>
<assessmentItem xmlns="http://www.imsglobal.org/xsd/imsqti_v2p1" xmlns:xsi="http://www.w3.org/2001/XMLSchema-instance" xsi:schemaLocation="http://www.imsglobal.org/xsd/imsqti_v2p1 http://www.imsglobal.org/xsd/qti/qtiv2p1/imsqti_v2p1p1.xsd http://www.w3.org/1998/Math/MathML http://www.w3.org/Math/XMLSchema/mathml2/mathml2.xsd" identifier="idf9de0405-cd2a-498d-b3c8-b9b91f43155f_1" title="Aufgabe 4" adaptive="false" timeDependent="false"><responseDeclaration identifier="RESPONSE_1" cardinality="single" baseType="file"><correctResponse><value>vpl/idf9de0405-cd2a-498d-b3c8-b9b91f43155f_1/correct.java</value></correctResponse></responseDeclaration><outcomeDeclaration identifier="SCORE" cardinality="single" baseType="float"><defaultValue><value>0</value></defaultValue></outcomeDeclaration><outcomeDeclaration identifier="VPL_CASES_1" cardinality="single" baseType="file" view="testConstructor"><defaultValue><value>vpl/idf9de0405-cd2a-498d-b3c8-b9b91f43155f_1/cases.txt</value></defaultValue></outcomeDeclaration><outcomeDeclaration identifier="VPL_PLACEHOLDER_1" cardinality="single" baseType="file" view="testConstructor"><defaultValue><value>vpl/idf9de0405-cd2a-498d-b3c8-b9b91f43155f_1/placeholder.java</value></defaultValue></outcomeDeclaration><outcomeDeclaration identifier="VPL_OUTPUT_1" cardinality="single" baseType="file" view="testConstructor"><defaultValue /></outcomeDeclaration><outcomeDeclaration identifier="MAXSCORE" cardinality="single" baseType="float"><defaultValue><value>1</value></defaultValue></outcomeDeclaration><outcomeDeclaration identifier="MINSCORE" cardinality="single" baseType="float" view="testConstructor"><defaultValue><value>0</value></defaultValue></outcomeDeclaration><stylesheet type="text/plain" href="vpl/idf9de0405-cd2a-498d-b3c8-b9b91f43155f_1/correct.java" /><stylesheet type="text/plain" href="vpl/idf9de0405-cd2a-498d-b3c8-b9b91f43155f_1/cases.txt" /><stylesheet type="text/plain" href="vpl/idf9de0405-cd2a-498d-b3c8-b9b91f43155f_1/placeholder.java" /><itemBody ><customInteraction responseIdentifier="RESPONSE_1" definition="VPL" language="JAVA" autoAssessed="true" placeholderIdentifier="VPL_PLACEHOLDER_1" /></itemBody><responseProcessing><responseCondition><responseIf><not><isNull><variable identifier="RESPONSE_1" /></isNull></not><setOutcomeValue identifier="SCORE"><divide><product><customOperator definition="VPL"><variable identifier="RESPONSE_1" /><variable identifier="VPL_CASES_1" /><variable identifier="VPL_OUTPUT_1" /></customOperator><variable identifier="MAXSCORE" /></product><baseValue baseType="integer">100</baseValue></divide></setOutcomeValue></responseIf></responseCondition><responseCondition><responseIf><gt><variable identifier="SCORE" /><variable identifier="MAXSCORE" /></gt><setOutcomeValue identifier="SCORE"><variable identifier="MAXSCORE" /></setOutcomeValue></responseIf></responseCondition><responseCondition><responseIf><lt><variable identifier="SCORE" /><variable identifier="MINSCORE" /></lt><setOutcomeValue identifier="SCORE"><variable identifier="MINSCORE" /></setOutcomeValue></responseIf></responseCondition></responseProcessing></assessmentItem>
