<?xml version="1.0" encoding="UTF-8"?>
<assessmentTest xmlns="http://www.imsglobal.org/xsd/imsqti_v2p1" xmlns:xsi="http://www.w3.org/2001/XMLSchema-instance" xsi:schemaLocation="http://www.imsglobal.org/xsd/imsqti_v2p1 http://www.imsglobal.org/xsd/qti/qtiv2p1/imsqti_v2p1p1.xsd" identifier="idTestaca811fe-44c7-42ae-9b6b-50b2d91362b7" title="do-While"><outcomeDeclaration identifier="SCORE" cardinality="single" baseType="float"><defaultValue><value>0</value></defaultValue></outcomeDeclaration><outcomeDeclaration identifier="MAXSCORE" cardinality="single" baseType="float"><defaultValue><value>26</value></defaultValue></outcomeDeclaration><outcomeDeclaration identifier="MINSCORE" cardinality="single" baseType="float"><defaultValue><value>0</value></defaultValue></outcomeDeclaration><testPart  identifier="id340d24db-e531-472a-b519-a8d786d7e16e" navigationMode="nonlinear" submissionMode="individual"><itemSessionControl allowComment="false" maxAttempts="1" /><assessmentSection identifier="ide8604a23-368d-4dde-8390-43062044e874" fixed="false" title="Organisatorisches" visible="true"><rubricBlock view="candidate" /><assessmentItemRef identifier="idbcd763d0-abdf-4634-9b91-6af29006edc6" href="idbcd763d0-abdf-4634-9b91-6af29006edc6.xml" fixed="false" /></assessmentSection><assessmentSection identifier="id7e5f70c4-ab67-4c98-a74b-210926c9ffdf" fixed="false" title="Aufgaben" visible="true"><ordering shuffle="true" /><rubricBlock view="candidate"><div class="box section-stimulus"><p>Die folgenden Quelltexte enthalten verschiedene syntaktische Fehler. Ihre Aufgabe ist es, diese Fehler zu finden und zu korrigieren.</p><p> </p><p>Generell werden bei allen Aufgaben immer {} genutzt und der Code wird nicht nur eingerückt.</p><p> Beispiel:</p><p>if (x&gt;0) {</p><p>    System.out.println("x &gt; 0");</p><p>} else {</p><p>    System.out.println("x &lt;= 0");</p><p>}</p><p> </p><p>Klicken Sie dazu in den Quelltext und beheben den Fehler direkt im Quelltext. Dann klicken Sie auf "Antworten abgeben" und bekommen sofort Rückmeldung. Mit "Weiter" gehen Sie zum nächsten Quelltext.</p></div></rubricBlock><assessmentItemRef identifier="ida10ed5e3-7f84-4733-b9c7-85209209680f_1" href="ida10ed5e3-7f84-4733-b9c7-85209209680f_1.xml" fixed="false"><itemSessionControl maxAttempts="1" /></assessmentItemRef><assessmentItemRef identifier="id8447c12b-0885-46e3-beca-9a4b7c5e5ac6_1" href="id8447c12b-0885-46e3-beca-9a4b7c5e5ac6_1.xml" fixed="false" /><assessmentItemRef identifier="id088985a3-d839-4987-9e86-2e254fb31bb2_1" href="id088985a3-d839-4987-9e86-2e254fb31bb2_1.xml" fixed="false" /><assessmentItemRef identifier="idf9de0405-cd2a-498d-b3c8-b9b91f43155f_1" href="idf9de0405-cd2a-498d-b3c8-b9b91f43155f_1.xml" fixed="false" /><assessmentItemRef identifier="id706ccc6a-9b6a-4047-ad7e-cea7ddd18ea0_1" href="id706ccc6a-9b6a-4047-ad7e-cea7ddd18ea0_1.xml" fixed="false" /><assessmentItemRef identifier="idc6671aa5-5c1c-4857-82b2-1fcb095dd57e_1" href="idc6671aa5-5c1c-4857-82b2-1fcb095dd57e_1.xml" fixed="false" /><assessmentItemRef identifier="id5f704bfd-1b51-4532-936b-8d3065ef4caa_1" href="id5f704bfd-1b51-4532-936b-8d3065ef4caa_1.xml" fixed="false" /><assessmentItemRef identifier="idf50e3736-2c7e-46e7-a727-3b31b84dcf78_1" href="idf50e3736-2c7e-46e7-a727-3b31b84dcf78_1.xml" fixed="false" /><assessmentItemRef identifier="ida1ef6c5c-d5cd-4771-8d86-8aa3672be231_1" href="ida1ef6c5c-d5cd-4771-8d86-8aa3672be231_1.xml" fixed="false" /><assessmentItemRef identifier="id916e1e49-af6d-441c-9da5-91a0da796dda_1" href="id916e1e49-af6d-441c-9da5-91a0da796dda_1.xml" fixed="false" /><assessmentItemRef identifier="iddcdde037-725a-4f9c-b70f-29d5a13e417f_1" href="iddcdde037-725a-4f9c-b70f-29d5a13e417f_1.xml" fixed="false" /><assessmentItemRef identifier="ide6ff81bf-81b3-4b90-ad74-b879a58b3a3b_1" href="ide6ff81bf-81b3-4b90-ad74-b879a58b3a3b_1.xml" fixed="false" /><assessmentItemRef identifier="id70259852-3cd9-4db2-9e84-23c77f075447_1" href="id70259852-3cd9-4db2-9e84-23c77f075447_1.xml" fixed="false" /><assessmentItemRef identifier="idb6a0ab87-52a4-4819-bde8-7f2a3dd59e9a_1" href="idb6a0ab87-52a4-4819-bde8-7f2a3dd59e9a_1.xml" fixed="false" /><assessmentItemRef identifier="idf087c2a7-ae75-4369-9453-f57b02f52b66_1" href="idf087c2a7-ae75-4369-9453-f57b02f52b66_1.xml" fixed="false" /><assessmentItemRef identifier="idaee14cd0-6924-4325-9552-2a3ef16d31a1_1" href="idaee14cd0-6924-4325-9552-2a3ef16d31a1_1.xml" fixed="false" /><assessmentItemRef identifier="idbdfa8b54-e892-4ea0-9c63-e79a47c04915_1" href="idbdfa8b54-e892-4ea0-9c63-e79a47c04915_1.xml" fixed="false" /><assessmentItemRef identifier="id21477f39-7345-4265-baca-5c86404ce7c7_1" href="id21477f39-7345-4265-baca-5c86404ce7c7_1.xml" fixed="false" /><assessmentItemRef identifier="idccdc0669-5884-4d07-beda-faf30c4190e9_1" href="idccdc0669-5884-4d07-beda-faf30c4190e9_1.xml" fixed="false" /><assessmentItemRef identifier="ida6ba411e-ef94-485f-bc10-d9905d04b1bd_1" href="ida6ba411e-ef94-485f-bc10-d9905d04b1bd_1.xml" fixed="false" /><assessmentItemRef identifier="id6b158f4e-7973-4a5a-bc37-28a549b92578_1" href="id6b158f4e-7973-4a5a-bc37-28a549b92578_1.xml" fixed="false" /><assessmentItemRef identifier="id73e6a2ab-af01-4748-8052-69c660e4180d_1" href="id73e6a2ab-af01-4748-8052-69c660e4180d_1.xml" fixed="false" /><assessmentItemRef identifier="idd7eaaa42-21f6-463b-bcf4-2cfebd950acf_1" href="idd7eaaa42-21f6-463b-bcf4-2cfebd950acf_1.xml" fixed="false" /><assessmentItemRef identifier="id27357875-5336-4e37-96a1-cb69e5b141ca_1" href="id27357875-5336-4e37-96a1-cb69e5b141ca_1.xml" fixed="false" /><assessmentItemRef identifier="id87fa6238-d0c2-4b3c-9a97-cb2fabb510e0_1" href="id87fa6238-d0c2-4b3c-9a97-cb2fabb510e0_1.xml" fixed="false" /></assessmentSection></testPart><outcomeProcessing><setOutcomeValue identifier="SCORE"><sum><testVariables variableIdentifier="SCORE" /></sum></setOutcomeValue></outcomeProcessing></assessmentTest>
