<?xml version="1.0" encoding="UTF-8"?>
<manifest xmlns="http://www.imsglobal.org/xsd/imscp_v1p1" xmlns:xsi="http://www.w3.org/2001/XMLSchema-instance" xsi:schemaLocation="http://www.imsglobal.org/xsd/imscp_v1p1 http://www.imsglobal.org/xsd/qti/qtiv2p1/qtiv2p1_imscpv1p2_v1p0.xsd http://www.imsglobal.org/xsd/imsqti_v2p1 http://www.imsglobal.org/xsd/qti/qtiv2p1/imsqti_v2p1p1.xsd http://www.imsglobal.org/xsd/imsqti_metadata_v2p1 http://www.imsglobal.org/xsd/qti/qtiv2p1/imsqti_metadata_v2p1p1.xsd http://ltsc.ieee.org/xsd/LOM http://www.imsglobal.org/xsd/imsmd_loose_v1p3p2.xsd http://www.w3.org/1998/Math/MathML http://www.w3.org/Math/XMLSchema/mathml2/mathml2.xsd" identifier="idTestaca811fe_44c7_42ae_9b6b_50b2d91362b7_manifest"><metadata ><schema>QTIv2.1 Package</schema><schemaversion>1.0.0</schemaversion></metadata><organizations  /><resources ><resource identifier="idTestaca811fe_44c7_42ae_9b6b_50b2d91362b7" type="imsqti_test_xmlv2p1" href="idTestaca811fe-44c7-42ae-9b6b-50b2d91362b7.xml"><metadata><lom xmlns="http://ltsc.ieee.org/xsd/LOM"><general ><identifier><entry>idTestaca811fe-44c7-42ae-9b6b-50b2d91362b7</entry></identifier><title><string language="de">do-While</string></title><description><string language="de"></string></description></general><lifeCycle ><contribute><date><dateTime>2021-09-10T19:41:13</dateTime></date><role><source>LOMv1.0</source><value>author</value></role><entity>BEGIN:VCARD&#xD;
VERSION:4.0&#xD;
N;LANGUAGE=de:Gorgosch;Dominik;;;&#xD;
FN:Dominik Gorgosch&#xD;
EMAIL:dominik.gorgosch@s2017.tu-chemnitz.de&#xD;
PRODID:ONYX Editor 9.12&#xD;
END:VCARD&#xD;
</entity></contribute></lifeCycle><educational ><learningResourceType><source>QTIv2.1</source><value>ExaminationTest</value></learningResourceType></educational><qtiMetadata xmlns="http://www.imsglobal.org/xsd/imsqti_metadata_v2p1"><toolName >ONYX Editor</toolName><toolVersion >9.9.2</toolVersion><toolVendor >BPS Bildungsportal Sachsen GmbH</toolVendor></qtiMetadata></lom></metadata><file href="idTestaca811fe-44c7-42ae-9b6b-50b2d91362b7.xml" /><file href="vpl/ida10ed5e3-7f84-4733-b9c7-85209209680f_1/correct.java" /><file href="vpl/ida10ed5e3-7f84-4733-b9c7-85209209680f_1/cases.txt" /><file href="vpl/ida10ed5e3-7f84-4733-b9c7-85209209680f_1/placeholder.java" /><file href="vpl/id8447c12b-0885-46e3-beca-9a4b7c5e5ac6_1/correct.java" /><file href="vpl/id8447c12b-0885-46e3-beca-9a4b7c5e5ac6_1/cases.txt" /><file href="vpl/id8447c12b-0885-46e3-beca-9a4b7c5e5ac6_1/placeholder.java" /><file href="vpl/id088985a3-d839-4987-9e86-2e254fb31bb2_1/correct.java" /><file href="vpl/id088985a3-d839-4987-9e86-2e254fb31bb2_1/cases.txt" /><file href="vpl/id088985a3-d839-4987-9e86-2e254fb31bb2_1/placeholder.java" /><file href="vpl/idf9de0405-cd2a-498d-b3c8-b9b91f43155f_1/correct.java" /><file href="vpl/idf9de0405-cd2a-498d-b3c8-b9b91f43155f_1/cases.txt" /><file href="vpl/idf9de0405-cd2a-498d-b3c8-b9b91f43155f_1/placeholder.java" /><file href="vpl/id706ccc6a-9b6a-4047-ad7e-cea7ddd18ea0_1/correct.java" /><file href="vpl/id706ccc6a-9b6a-4047-ad7e-cea7ddd18ea0_1/cases.txt" /><file href="vpl/id706ccc6a-9b6a-4047-ad7e-cea7ddd18ea0_1/placeholder.java" /><file href="vpl/idc6671aa5-5c1c-4857-82b2-1fcb095dd57e_1/correct.java" /><file href="vpl/idc6671aa5-5c1c-4857-82b2-1fcb095dd57e_1/cases.txt" /><file href="vpl/idc6671aa5-5c1c-4857-82b2-1fcb095dd57e_1/placeholder.java" /><file href="vpl/id5f704bfd-1b51-4532-936b-8d3065ef4caa_1/correct.java" /><file href="vpl/id5f704bfd-1b51-4532-936b-8d3065ef4caa_1/cases.txt" /><file href="vpl/id5f704bfd-1b51-4532-936b-8d3065ef4caa_1/placeholder.java" /><file href="vpl/idf50e3736-2c7e-46e7-a727-3b31b84dcf78_1/correct.java" /><file href="vpl/idf50e3736-2c7e-46e7-a727-3b31b84dcf78_1/cases.txt" /><file href="vpl/idf50e3736-2c7e-46e7-a727-3b31b84dcf78_1/placeholder.java" /><file href="vpl/ida1ef6c5c-d5cd-4771-8d86-8aa3672be231_1/correct.java" /><file href="vpl/ida1ef6c5c-d5cd-4771-8d86-8aa3672be231_1/cases.txt" /><file href="vpl/ida1ef6c5c-d5cd-4771-8d86-8aa3672be231_1/placeholder.java" /><file href="vpl/id916e1e49-af6d-441c-9da5-91a0da796dda_1/correct.java" /><file href="vpl/id916e1e49-af6d-441c-9da5-91a0da796dda_1/cases.txt" /><file href="vpl/id916e1e49-af6d-441c-9da5-91a0da796dda_1/placeholder.java" /><file href="vpl/iddcdde037-725a-4f9c-b70f-29d5a13e417f_1/correct.java" /><file href="vpl/iddcdde037-725a-4f9c-b70f-29d5a13e417f_1/cases.txt" /><file href="vpl/iddcdde037-725a-4f9c-b70f-29d5a13e417f_1/placeholder.java" /><file href="vpl/ide6ff81bf-81b3-4b90-ad74-b879a58b3a3b_1/correct.java" /><file href="vpl/ide6ff81bf-81b3-4b90-ad74-b879a58b3a3b_1/cases.txt" /><file href="vpl/ide6ff81bf-81b3-4b90-ad74-b879a58b3a3b_1/placeholder.java" /><file href="vpl/id70259852-3cd9-4db2-9e84-23c77f075447_1/correct.java" /><file href="vpl/id70259852-3cd9-4db2-9e84-23c77f075447_1/cases.txt" /><file href="vpl/id70259852-3cd9-4db2-9e84-23c77f075447_1/placeholder.java" /><file href="vpl/idb6a0ab87-52a4-4819-bde8-7f2a3dd59e9a_1/correct.java" /><file href="vpl/idb6a0ab87-52a4-4819-bde8-7f2a3dd59e9a_1/cases.txt" /><file href="vpl/idb6a0ab87-52a4-4819-bde8-7f2a3dd59e9a_1/placeholder.java" /><file href="vpl/idf087c2a7-ae75-4369-9453-f57b02f52b66_1/correct.java" /><file href="vpl/idf087c2a7-ae75-4369-9453-f57b02f52b66_1/cases.txt" /><file href="vpl/idf087c2a7-ae75-4369-9453-f57b02f52b66_1/placeholder.java" /><file href="vpl/idaee14cd0-6924-4325-9552-2a3ef16d31a1_1/correct.java" /><file href="vpl/idaee14cd0-6924-4325-9552-2a3ef16d31a1_1/cases.txt" /><file href="vpl/idaee14cd0-6924-4325-9552-2a3ef16d31a1_1/placeholder.java" /><file href="vpl/idbdfa8b54-e892-4ea0-9c63-e79a47c04915_1/correct.java" /><file href="vpl/idbdfa8b54-e892-4ea0-9c63-e79a47c04915_1/cases.txt" /><file href="vpl/idbdfa8b54-e892-4ea0-9c63-e79a47c04915_1/placeholder.java" /><file href="vpl/id21477f39-7345-4265-baca-5c86404ce7c7_1/correct.java" /><file href="vpl/id21477f39-7345-4265-baca-5c86404ce7c7_1/cases.txt" /><file href="vpl/id21477f39-7345-4265-baca-5c86404ce7c7_1/placeholder.java" /><file href="vpl/idccdc0669-5884-4d07-beda-faf30c4190e9_1/correct.java" /><file href="vpl/idccdc0669-5884-4d07-beda-faf30c4190e9_1/cases.txt" /><file href="vpl/idccdc0669-5884-4d07-beda-faf30c4190e9_1/placeholder.java" /><file href="vpl/ida6ba411e-ef94-485f-bc10-d9905d04b1bd_1/correct.java" /><file href="vpl/ida6ba411e-ef94-485f-bc10-d9905d04b1bd_1/cases.txt" /><file href="vpl/ida6ba411e-ef94-485f-bc10-d9905d04b1bd_1/placeholder.java" /><file href="vpl/id6b158f4e-7973-4a5a-bc37-28a549b92578_1/correct.java" /><file href="vpl/id6b158f4e-7973-4a5a-bc37-28a549b92578_1/cases.txt" /><file href="vpl/id6b158f4e-7973-4a5a-bc37-28a549b92578_1/placeholder.java" /><file href="vpl/id73e6a2ab-af01-4748-8052-69c660e4180d_1/correct.java" /><file href="vpl/id73e6a2ab-af01-4748-8052-69c660e4180d_1/cases.txt" /><file href="vpl/id73e6a2ab-af01-4748-8052-69c660e4180d_1/placeholder.java" /><file href="vpl/idd7eaaa42-21f6-463b-bcf4-2cfebd950acf_1/correct.java" /><file href="vpl/idd7eaaa42-21f6-463b-bcf4-2cfebd950acf_1/cases.txt" /><file href="vpl/idd7eaaa42-21f6-463b-bcf4-2cfebd950acf_1/placeholder.java" /><file href="vpl/id27357875-5336-4e37-96a1-cb69e5b141ca_1/correct.java" /><file href="vpl/id27357875-5336-4e37-96a1-cb69e5b141ca_1/cases.txt" /><file href="vpl/id27357875-5336-4e37-96a1-cb69e5b141ca_1/placeholder.java" /><file href="vpl/id87fa6238-d0c2-4b3c-9a97-cb2fabb510e0_1/correct.java" /><file href="vpl/id87fa6238-d0c2-4b3c-9a97-cb2fabb510e0_1/cases.txt" /><file href="vpl/id87fa6238-d0c2-4b3c-9a97-cb2fabb510e0_1/placeholder.java" /><dependency identifierref="idbcd763d0_abdf_4634_9b91_6af29006edc6" /><dependency identifierref="ida10ed5e3_7f84_4733_b9c7_85209209680f_1" /><dependency identifierref="id8447c12b_0885_46e3_beca_9a4b7c5e5ac6_1" /><dependency identifierref="id088985a3_d839_4987_9e86_2e254fb31bb2_1" /><dependency identifierref="idf9de0405_cd2a_498d_b3c8_b9b91f43155f_1" /><dependency identifierref="id706ccc6a_9b6a_4047_ad7e_cea7ddd18ea0_1" /><dependency identifierref="idc6671aa5_5c1c_4857_82b2_1fcb095dd57e_1" /><dependency identifierref="id5f704bfd_1b51_4532_936b_8d3065ef4caa_1" /><dependency identifierref="idf50e3736_2c7e_46e7_a727_3b31b84dcf78_1" /><dependency identifierref="ida1ef6c5c_d5cd_4771_8d86_8aa3672be231_1" /><dependency identifierref="id916e1e49_af6d_441c_9da5_91a0da796dda_1" /><dependency identifierref="iddcdde037_725a_4f9c_b70f_29d5a13e417f_1" /><dependency identifierref="ide6ff81bf_81b3_4b90_ad74_b879a58b3a3b_1" /><dependency identifierref="id70259852_3cd9_4db2_9e84_23c77f075447_1" /><dependency identifierref="idb6a0ab87_52a4_4819_bde8_7f2a3dd59e9a_1" /><dependency identifierref="idf087c2a7_ae75_4369_9453_f57b02f52b66_1" /><dependency identifierref="idaee14cd0_6924_4325_9552_2a3ef16d31a1_1" /><dependency identifierref="idbdfa8b54_e892_4ea0_9c63_e79a47c04915_1" /><dependency identifierref="id21477f39_7345_4265_baca_5c86404ce7c7_1" /><dependency identifierref="idccdc0669_5884_4d07_beda_faf30c4190e9_1" /><dependency identifierref="ida6ba411e_ef94_485f_bc10_d9905d04b1bd_1" /><dependency identifierref="id6b158f4e_7973_4a5a_bc37_28a549b92578_1" /><dependency identifierref="id73e6a2ab_af01_4748_8052_69c660e4180d_1" /><dependency identifierref="idd7eaaa42_21f6_463b_bcf4_2cfebd950acf_1" /><dependency identifierref="id27357875_5336_4e37_96a1_cb69e5b141ca_1" /><dependency identifierref="id87fa6238_d0c2_4b3c_9a97_cb2fabb510e0_1" /></resource><resource identifier="idbcd763d0_abdf_4634_9b91_6af29006edc6" type="imsqti_item_xmlv2p1" href="idbcd763d0-abdf-4634-9b91-6af29006edc6.xml"><file href="idbcd763d0-abdf-4634-9b91-6af29006edc6.xml" /></resource><resource identifier="ida10ed5e3_7f84_4733_b9c7_85209209680f_1" type="imsqti_item_xmlv2p1" href="ida10ed5e3-7f84-4733-b9c7-85209209680f_1.xml"><file href="ida10ed5e3-7f84-4733-b9c7-85209209680f_1.xml" /></resource><resource identifier="id8447c12b_0885_46e3_beca_9a4b7c5e5ac6_1" type="imsqti_item_xmlv2p1" href="id8447c12b-0885-46e3-beca-9a4b7c5e5ac6_1.xml"><file href="id8447c12b-0885-46e3-beca-9a4b7c5e5ac6_1.xml" /></resource><resource identifier="id088985a3_d839_4987_9e86_2e254fb31bb2_1" type="imsqti_item_xmlv2p1" href="id088985a3-d839-4987-9e86-2e254fb31bb2_1.xml"><file href="id088985a3-d839-4987-9e86-2e254fb31bb2_1.xml" /></resource><resource identifier="idf9de0405_cd2a_498d_b3c8_b9b91f43155f_1" type="imsqti_item_xmlv2p1" href="idf9de0405-cd2a-498d-b3c8-b9b91f43155f_1.xml"><file href="idf9de0405-cd2a-498d-b3c8-b9b91f43155f_1.xml" /></resource><resource identifier="id706ccc6a_9b6a_4047_ad7e_cea7ddd18ea0_1" type="imsqti_item_xmlv2p1" href="id706ccc6a-9b6a-4047-ad7e-cea7ddd18ea0_1.xml"><file href="id706ccc6a-9b6a-4047-ad7e-cea7ddd18ea0_1.xml" /></resource><resource identifier="idc6671aa5_5c1c_4857_82b2_1fcb095dd57e_1" type="imsqti_item_xmlv2p1" href="idc6671aa5-5c1c-4857-82b2-1fcb095dd57e_1.xml"><file href="idc6671aa5-5c1c-4857-82b2-1fcb095dd57e_1.xml" /></resource><resource identifier="id5f704bfd_1b51_4532_936b_8d3065ef4caa_1" type="imsqti_item_xmlv2p1" href="id5f704bfd-1b51-4532-936b-8d3065ef4caa_1.xml"><file href="id5f704bfd-1b51-4532-936b-8d3065ef4caa_1.xml" /></resource><resource identifier="idf50e3736_2c7e_46e7_a727_3b31b84dcf78_1" type="imsqti_item_xmlv2p1" href="idf50e3736-2c7e-46e7-a727-3b31b84dcf78_1.xml"><file href="idf50e3736-2c7e-46e7-a727-3b31b84dcf78_1.xml" /></resource><resource identifier="ida1ef6c5c_d5cd_4771_8d86_8aa3672be231_1" type="imsqti_item_xmlv2p1" href="ida1ef6c5c-d5cd-4771-8d86-8aa3672be231_1.xml"><file href="ida1ef6c5c-d5cd-4771-8d86-8aa3672be231_1.xml" /></resource><resource identifier="id916e1e49_af6d_441c_9da5_91a0da796dda_1" type="imsqti_item_xmlv2p1" href="id916e1e49-af6d-441c-9da5-91a0da796dda_1.xml"><file href="id916e1e49-af6d-441c-9da5-91a0da796dda_1.xml" /></resource><resource identifier="iddcdde037_725a_4f9c_b70f_29d5a13e417f_1" type="imsqti_item_xmlv2p1" href="iddcdde037-725a-4f9c-b70f-29d5a13e417f_1.xml"><file href="iddcdde037-725a-4f9c-b70f-29d5a13e417f_1.xml" /></resource><resource identifier="ide6ff81bf_81b3_4b90_ad74_b879a58b3a3b_1" type="imsqti_item_xmlv2p1" href="ide6ff81bf-81b3-4b90-ad74-b879a58b3a3b_1.xml"><file href="ide6ff81bf-81b3-4b90-ad74-b879a58b3a3b_1.xml" /></resource><resource identifier="id70259852_3cd9_4db2_9e84_23c77f075447_1" type="imsqti_item_xmlv2p1" href="id70259852-3cd9-4db2-9e84-23c77f075447_1.xml"><file href="id70259852-3cd9-4db2-9e84-23c77f075447_1.xml" /></resource><resource identifier="idb6a0ab87_52a4_4819_bde8_7f2a3dd59e9a_1" type="imsqti_item_xmlv2p1" href="idb6a0ab87-52a4-4819-bde8-7f2a3dd59e9a_1.xml"><file href="idb6a0ab87-52a4-4819-bde8-7f2a3dd59e9a_1.xml" /></resource><resource identifier="idf087c2a7_ae75_4369_9453_f57b02f52b66_1" type="imsqti_item_xmlv2p1" href="idf087c2a7-ae75-4369-9453-f57b02f52b66_1.xml"><file href="idf087c2a7-ae75-4369-9453-f57b02f52b66_1.xml" /></resource><resource identifier="idaee14cd0_6924_4325_9552_2a3ef16d31a1_1" type="imsqti_item_xmlv2p1" href="idaee14cd0-6924-4325-9552-2a3ef16d31a1_1.xml"><file href="idaee14cd0-6924-4325-9552-2a3ef16d31a1_1.xml" /></resource><resource identifier="idbdfa8b54_e892_4ea0_9c63_e79a47c04915_1" type="imsqti_item_xmlv2p1" href="idbdfa8b54-e892-4ea0-9c63-e79a47c04915_1.xml"><file href="idbdfa8b54-e892-4ea0-9c63-e79a47c04915_1.xml" /></resource><resource identifier="id21477f39_7345_4265_baca_5c86404ce7c7_1" type="imsqti_item_xmlv2p1" href="id21477f39-7345-4265-baca-5c86404ce7c7_1.xml"><file href="id21477f39-7345-4265-baca-5c86404ce7c7_1.xml" /></resource><resource identifier="idccdc0669_5884_4d07_beda_faf30c4190e9_1" type="imsqti_item_xmlv2p1" href="idccdc0669-5884-4d07-beda-faf30c4190e9_1.xml"><file href="idccdc0669-5884-4d07-beda-faf30c4190e9_1.xml" /></resource><resource identifier="ida6ba411e_ef94_485f_bc10_d9905d04b1bd_1" type="imsqti_item_xmlv2p1" href="ida6ba411e-ef94-485f-bc10-d9905d04b1bd_1.xml"><file href="ida6ba411e-ef94-485f-bc10-d9905d04b1bd_1.xml" /></resource><resource identifier="id6b158f4e_7973_4a5a_bc37_28a549b92578_1" type="imsqti_item_xmlv2p1" href="id6b158f4e-7973-4a5a-bc37-28a549b92578_1.xml"><file href="id6b158f4e-7973-4a5a-bc37-28a549b92578_1.xml" /></resource><resource identifier="id73e6a2ab_af01_4748_8052_69c660e4180d_1" type="imsqti_item_xmlv2p1" href="id73e6a2ab-af01-4748-8052-69c660e4180d_1.xml"><file href="id73e6a2ab-af01-4748-8052-69c660e4180d_1.xml" /></resource><resource identifier="idd7eaaa42_21f6_463b_bcf4_2cfebd950acf_1" type="imsqti_item_xmlv2p1" href="idd7eaaa42-21f6-463b-bcf4-2cfebd950acf_1.xml"><file href="idd7eaaa42-21f6-463b-bcf4-2cfebd950acf_1.xml" /></resource><resource identifier="id27357875_5336_4e37_96a1_cb69e5b141ca_1" type="imsqti_item_xmlv2p1" href="id27357875-5336-4e37-96a1-cb69e5b141ca_1.xml"><file href="id27357875-5336-4e37-96a1-cb69e5b141ca_1.xml" /></resource><resource identifier="id87fa6238_d0c2_4b3c_9a97_cb2fabb510e0_1" type="imsqti_item_xmlv2p1" href="id87fa6238-d0c2-4b3c-9a97-cb2fabb510e0_1.xml"><file href="id87fa6238-d0c2-4b3c-9a97-cb2fabb510e0_1.xml" /></resource></resources></manifest>
