<?xml version="1.0" encoding="UTF-8"?>
<assessmentTest xmlns="http://www.imsglobal.org/xsd/imsqti_v2p1" xmlns:xsi="http://www.w3.org/2001/XMLSchema-instance" xsi:schemaLocation="http://www.imsglobal.org/xsd/imsqti_v2p1 http://www.imsglobal.org/xsd/qti/qtiv2p1/imsqti_v2p1p1.xsd" identifier="idTestdd9bc419-b5dd-49a1-9591-49fedda1b1e5" title="while-Schleifen"><outcomeDeclaration identifier="SCORE" cardinality="single" baseType="float"><defaultValue><value>0</value></defaultValue></outcomeDeclaration><outcomeDeclaration identifier="MAXSCORE" cardinality="single" baseType="float"><defaultValue><value>26</value></defaultValue></outcomeDeclaration><outcomeDeclaration identifier="MINSCORE" cardinality="single" baseType="float"><defaultValue><value>0</value></defaultValue></outcomeDeclaration><testPart  identifier="idcf315deb-cabc-4cbd-9eeb-30858ddaa590" navigationMode="nonlinear" submissionMode="individual"><itemSessionControl allowComment="false" maxAttempts="1" /><assessmentSection identifier="id1ba28aec-0259-4a25-a092-760198007c71" fixed="false" title="Organisatorisches" visible="true"><rubricBlock view="candidate" /><assessmentItemRef identifier="idae7c5a2d-edba-4b1d-be0a-af9012cdca62" href="idae7c5a2d-edba-4b1d-be0a-af9012cdca62.xml" fixed="false" /></assessmentSection><assessmentSection identifier="idb6ef87af-e467-4a99-a615-ec0394dc970f" fixed="false" title="Aufgaben" visible="true"><ordering shuffle="true" /><rubricBlock view="candidate"><div class="box section-stimulus"><p>Die folgenden Quelltexte enthalten verschiedene Fehler. Ihre Aufgabe ist es, diese Fehler zu finden und zu korrigieren.</p><p>Klicken Sie dazu in den Quelltext und beheben den Fehler direkt im Quelltext. Dann klicken Sie auf "Antworten abgeben" und bekommen sofort Rückmeldung. Mit "Weiter" gehen Sie zum nächsten Quelltext.</p><p> </p></div></rubricBlock><assessmentItemRef identifier="id1d11ba86-e9f6-4448-b26c-cde76fe4bbfb_1" href="id1d11ba86-e9f6-4448-b26c-cde76fe4bbfb_1.xml" fixed="false" /><assessmentItemRef identifier="id03fba1f6-1441-4c10-a9c0-c5ead710ffad_1" href="id03fba1f6-1441-4c10-a9c0-c5ead710ffad_1.xml" fixed="false" /><assessmentItemRef identifier="id7b9d3c1f-d638-4781-8eda-f7ca878305cc_1" href="id7b9d3c1f-d638-4781-8eda-f7ca878305cc_1.xml" fixed="false" /><assessmentItemRef identifier="id59594b3a-0ac4-49fd-aceb-97ac58e86334_1" href="id59594b3a-0ac4-49fd-aceb-97ac58e86334_1.xml" fixed="false" /><assessmentItemRef identifier="idde984eeb-faa8-4a67-93dd-bd96419bd64f_1" href="idde984eeb-faa8-4a67-93dd-bd96419bd64f_1.xml" fixed="false" /><assessmentItemRef identifier="idddbf88dc-e856-4db1-a6ce-1166446984af_1" href="idddbf88dc-e856-4db1-a6ce-1166446984af_1.xml" fixed="false" /><assessmentItemRef identifier="idb1fd8df1-2137-4a14-96cc-aa11112347a0_1" href="idb1fd8df1-2137-4a14-96cc-aa11112347a0_1.xml" fixed="false" /><assessmentItemRef identifier="id71380092-dd46-47bd-9ea2-b0bcee7da25a_1" href="id71380092-dd46-47bd-9ea2-b0bcee7da25a_1.xml" fixed="false" /><assessmentItemRef identifier="id7a64b311-1d1b-4f2e-9809-7f3348aed630_1" href="id7a64b311-1d1b-4f2e-9809-7f3348aed630_1.xml" fixed="false" /><assessmentItemRef identifier="id880aa26c-cfd2-4542-9f37-dc9c1c0dd416_1" href="id880aa26c-cfd2-4542-9f37-dc9c1c0dd416_1.xml" fixed="false" /><assessmentItemRef identifier="id1629986e-ebda-4054-8b56-b7805953cd2a_1" href="id1629986e-ebda-4054-8b56-b7805953cd2a_1.xml" fixed="false" /><assessmentItemRef identifier="id76fceafa-d455-430f-ae88-1b8af0ff61d6_1" href="id76fceafa-d455-430f-ae88-1b8af0ff61d6_1.xml" fixed="false" /><assessmentItemRef identifier="id69fd3010-c171-4aa9-a5a4-3292dde31f9d_1" href="id69fd3010-c171-4aa9-a5a4-3292dde31f9d_1.xml" fixed="false" /><assessmentItemRef identifier="id947f2927-f92e-4253-bb54-1be348195a22_1" href="id947f2927-f92e-4253-bb54-1be348195a22_1.xml" fixed="false" /><assessmentItemRef identifier="idea77a845-aa94-4964-b8a3-73ac29c5c8ce_1" href="idea77a845-aa94-4964-b8a3-73ac29c5c8ce_1.xml" fixed="false" /><assessmentItemRef identifier="id7476d82a-6692-4441-b3d3-c308e0c1fada_1" href="id7476d82a-6692-4441-b3d3-c308e0c1fada_1.xml" fixed="false" /><assessmentItemRef identifier="ide00c3ff3-386e-4118-a05e-6fa0a6e4c580_1" href="ide00c3ff3-386e-4118-a05e-6fa0a6e4c580_1.xml" fixed="false" /><assessmentItemRef identifier="idb9bce007-7aa8-4d73-92e5-a5108706e99f_1" href="idb9bce007-7aa8-4d73-92e5-a5108706e99f_1.xml" fixed="false" /><assessmentItemRef identifier="ida60491de-54a0-4577-9e0d-5ed0699194c5_1" href="ida60491de-54a0-4577-9e0d-5ed0699194c5_1.xml" fixed="false" /><assessmentItemRef identifier="id5148f2d5-9d5a-4337-8b3f-d9e39caebbe3_1" href="id5148f2d5-9d5a-4337-8b3f-d9e39caebbe3_1.xml" fixed="false" /><assessmentItemRef identifier="idd50bd9f1-504f-47d2-b012-7c9f6b693964_1" href="idd50bd9f1-504f-47d2-b012-7c9f6b693964_1.xml" fixed="false" /><assessmentItemRef identifier="idbb7d14e7-c868-4cf7-aceb-bf0bbfd0f5fa_1" href="idbb7d14e7-c868-4cf7-aceb-bf0bbfd0f5fa_1.xml" fixed="false" /><assessmentItemRef identifier="id91b84931-88b4-4d52-abb6-8ebc2995540c_1" href="id91b84931-88b4-4d52-abb6-8ebc2995540c_1.xml" fixed="false" /><assessmentItemRef identifier="id4739b2cb-84ff-424d-ba02-7905b1d0ef1c_1" href="id4739b2cb-84ff-424d-ba02-7905b1d0ef1c_1.xml" fixed="false" /><assessmentItemRef identifier="id638bf028-ded6-4467-8ac4-8fc2e316b7e5_1" href="id638bf028-ded6-4467-8ac4-8fc2e316b7e5_1.xml" fixed="false" /></assessmentSection></testPart><outcomeProcessing><setOutcomeValue identifier="SCORE"><sum><testVariables variableIdentifier="SCORE" /></sum></setOutcomeValue></outcomeProcessing></assessmentTest>
