<?xml version="1.0" encoding="UTF-8"?>
<manifest xmlns="http://www.imsglobal.org/xsd/imscp_v1p1" xmlns:xsi="http://www.w3.org/2001/XMLSchema-instance" xsi:schemaLocation="http://www.imsglobal.org/xsd/imscp_v1p1 http://www.imsglobal.org/xsd/qti/qtiv2p1/qtiv2p1_imscpv1p2_v1p0.xsd http://www.imsglobal.org/xsd/imsqti_v2p1 http://www.imsglobal.org/xsd/qti/qtiv2p1/imsqti_v2p1p1.xsd http://www.imsglobal.org/xsd/imsqti_metadata_v2p1 http://www.imsglobal.org/xsd/qti/qtiv2p1/imsqti_metadata_v2p1p1.xsd http://ltsc.ieee.org/xsd/LOM http://www.imsglobal.org/xsd/imsmd_loose_v1p3p2.xsd http://www.w3.org/1998/Math/MathML http://www.w3.org/Math/XMLSchema/mathml2/mathml2.xsd" identifier="idTestdd9bc419_b5dd_49a1_9591_49fedda1b1e5_manifest"><metadata ><schema>QTIv2.1 Package</schema><schemaversion>1.0.0</schemaversion></metadata><organizations  /><resources ><resource identifier="idTestdd9bc419_b5dd_49a1_9591_49fedda1b1e5" type="imsqti_test_xmlv2p1" href="idTestdd9bc419-b5dd-49a1-9591-49fedda1b1e5.xml"><metadata><lom xmlns="http://ltsc.ieee.org/xsd/LOM"><general ><identifier><entry>idTestdd9bc419-b5dd-49a1-9591-49fedda1b1e5</entry></identifier><title><string language="de">while-Schleifen</string></title><description><string language="de"></string></description></general><lifeCycle ><contribute><date><dateTime>2021-05-17T15:48:26</dateTime></date><role><source>LOMv1.0</source><value>author</value></role><entity>BEGIN:VCARD&#xD;
VERSION:4.0&#xD;
N;LANGUAGE=de:Gorgosch;Dominik;;;&#xD;
FN:Dominik Gorgosch&#xD;
EMAIL:dominik.gorgosch@s2017.tu-chemnitz.de&#xD;
PRODID:ONYX Editor 9.10.0&#xD;
END:VCARD&#xD;
</entity></contribute></lifeCycle><educational ><learningResourceType><source>QTIv2.1</source><value>ExaminationTest</value></learningResourceType></educational></lom></metadata><file href="idTestdd9bc419-b5dd-49a1-9591-49fedda1b1e5.xml" /><file href="vpl/id1d11ba86-e9f6-4448-b26c-cde76fe4bbfb_1/correct.java" /><file href="vpl/id1d11ba86-e9f6-4448-b26c-cde76fe4bbfb_1/cases.txt" /><file href="vpl/id1d11ba86-e9f6-4448-b26c-cde76fe4bbfb_1/placeholder.java" /><file href="vpl/id03fba1f6-1441-4c10-a9c0-c5ead710ffad_1/correct.java" /><file href="vpl/id03fba1f6-1441-4c10-a9c0-c5ead710ffad_1/cases.txt" /><file href="vpl/id03fba1f6-1441-4c10-a9c0-c5ead710ffad_1/placeholder.java" /><file href="vpl/id7b9d3c1f-d638-4781-8eda-f7ca878305cc_1/correct.java" /><file href="vpl/id7b9d3c1f-d638-4781-8eda-f7ca878305cc_1/cases.txt" /><file href="vpl/id7b9d3c1f-d638-4781-8eda-f7ca878305cc_1/placeholder.java" /><file href="vpl/id59594b3a-0ac4-49fd-aceb-97ac58e86334_1/correct.java" /><file href="vpl/id59594b3a-0ac4-49fd-aceb-97ac58e86334_1/cases.txt" /><file href="vpl/id59594b3a-0ac4-49fd-aceb-97ac58e86334_1/placeholder.java" /><file href="vpl/idde984eeb-faa8-4a67-93dd-bd96419bd64f_1/correct.java" /><file href="vpl/idde984eeb-faa8-4a67-93dd-bd96419bd64f_1/cases.txt" /><file href="vpl/idde984eeb-faa8-4a67-93dd-bd96419bd64f_1/placeholder.java" /><file href="vpl/idddbf88dc-e856-4db1-a6ce-1166446984af_1/correct.java" /><file href="vpl/idddbf88dc-e856-4db1-a6ce-1166446984af_1/cases.txt" /><file href="vpl/idddbf88dc-e856-4db1-a6ce-1166446984af_1/placeholder.java" /><file href="vpl/idb1fd8df1-2137-4a14-96cc-aa11112347a0_1/correct.java" /><file href="vpl/idb1fd8df1-2137-4a14-96cc-aa11112347a0_1/cases.txt" /><file href="vpl/idb1fd8df1-2137-4a14-96cc-aa11112347a0_1/placeholder.java" /><file href="vpl/id71380092-dd46-47bd-9ea2-b0bcee7da25a_1/correct.java" /><file href="vpl/id71380092-dd46-47bd-9ea2-b0bcee7da25a_1/cases.txt" /><file href="vpl/id71380092-dd46-47bd-9ea2-b0bcee7da25a_1/placeholder.java" /><file href="vpl/id7a64b311-1d1b-4f2e-9809-7f3348aed630_1/correct.java" /><file href="vpl/id7a64b311-1d1b-4f2e-9809-7f3348aed630_1/cases.txt" /><file href="vpl/id7a64b311-1d1b-4f2e-9809-7f3348aed630_1/placeholder.java" /><file href="vpl/id880aa26c-cfd2-4542-9f37-dc9c1c0dd416_1/correct.java" /><file href="vpl/id880aa26c-cfd2-4542-9f37-dc9c1c0dd416_1/cases.txt" /><file href="vpl/id880aa26c-cfd2-4542-9f37-dc9c1c0dd416_1/placeholder.java" /><file href="vpl/id1629986e-ebda-4054-8b56-b7805953cd2a_1/correct.java" /><file href="vpl/id1629986e-ebda-4054-8b56-b7805953cd2a_1/cases.txt" /><file href="vpl/id1629986e-ebda-4054-8b56-b7805953cd2a_1/placeholder.java" /><file href="vpl/id76fceafa-d455-430f-ae88-1b8af0ff61d6_1/correct.java" /><file href="vpl/id76fceafa-d455-430f-ae88-1b8af0ff61d6_1/cases.txt" /><file href="vpl/id76fceafa-d455-430f-ae88-1b8af0ff61d6_1/placeholder.java" /><file href="vpl/id69fd3010-c171-4aa9-a5a4-3292dde31f9d_1/correct.java" /><file href="vpl/id69fd3010-c171-4aa9-a5a4-3292dde31f9d_1/cases.txt" /><file href="vpl/id69fd3010-c171-4aa9-a5a4-3292dde31f9d_1/placeholder.java" /><file href="vpl/id947f2927-f92e-4253-bb54-1be348195a22_1/correct.java" /><file href="vpl/id947f2927-f92e-4253-bb54-1be348195a22_1/cases.txt" /><file href="vpl/id947f2927-f92e-4253-bb54-1be348195a22_1/placeholder.java" /><file href="vpl/idea77a845-aa94-4964-b8a3-73ac29c5c8ce_1/correct.java" /><file href="vpl/idea77a845-aa94-4964-b8a3-73ac29c5c8ce_1/cases.txt" /><file href="vpl/idea77a845-aa94-4964-b8a3-73ac29c5c8ce_1/placeholder.java" /><file href="vpl/id7476d82a-6692-4441-b3d3-c308e0c1fada_1/correct.java" /><file href="vpl/id7476d82a-6692-4441-b3d3-c308e0c1fada_1/cases.txt" /><file href="vpl/id7476d82a-6692-4441-b3d3-c308e0c1fada_1/placeholder.java" /><file href="vpl/ide00c3ff3-386e-4118-a05e-6fa0a6e4c580_1/correct.java" /><file href="vpl/ide00c3ff3-386e-4118-a05e-6fa0a6e4c580_1/cases.txt" /><file href="vpl/ide00c3ff3-386e-4118-a05e-6fa0a6e4c580_1/placeholder.java" /><file href="vpl/idb9bce007-7aa8-4d73-92e5-a5108706e99f_1/correct.java" /><file href="vpl/idb9bce007-7aa8-4d73-92e5-a5108706e99f_1/cases.txt" /><file href="vpl/idb9bce007-7aa8-4d73-92e5-a5108706e99f_1/placeholder.java" /><file href="vpl/ida60491de-54a0-4577-9e0d-5ed0699194c5_1/correct.java" /><file href="vpl/ida60491de-54a0-4577-9e0d-5ed0699194c5_1/cases.txt" /><file href="vpl/ida60491de-54a0-4577-9e0d-5ed0699194c5_1/placeholder.java" /><file href="vpl/id5148f2d5-9d5a-4337-8b3f-d9e39caebbe3_1/correct.java" /><file href="vpl/id5148f2d5-9d5a-4337-8b3f-d9e39caebbe3_1/cases.txt" /><file href="vpl/id5148f2d5-9d5a-4337-8b3f-d9e39caebbe3_1/placeholder.java" /><file href="vpl/idd50bd9f1-504f-47d2-b012-7c9f6b693964_1/correct.java" /><file href="vpl/idd50bd9f1-504f-47d2-b012-7c9f6b693964_1/cases.txt" /><file href="vpl/idd50bd9f1-504f-47d2-b012-7c9f6b693964_1/placeholder.java" /><file href="vpl/idbb7d14e7-c868-4cf7-aceb-bf0bbfd0f5fa_1/correct.java" /><file href="vpl/idbb7d14e7-c868-4cf7-aceb-bf0bbfd0f5fa_1/cases.txt" /><file href="vpl/idbb7d14e7-c868-4cf7-aceb-bf0bbfd0f5fa_1/placeholder.java" /><file href="vpl/id91b84931-88b4-4d52-abb6-8ebc2995540c_1/correct.java" /><file href="vpl/id91b84931-88b4-4d52-abb6-8ebc2995540c_1/cases.txt" /><file href="vpl/id91b84931-88b4-4d52-abb6-8ebc2995540c_1/placeholder.java" /><file href="vpl/id4739b2cb-84ff-424d-ba02-7905b1d0ef1c_1/correct.java" /><file href="vpl/id4739b2cb-84ff-424d-ba02-7905b1d0ef1c_1/cases.txt" /><file href="vpl/id4739b2cb-84ff-424d-ba02-7905b1d0ef1c_1/placeholder.java" /><file href="vpl/id638bf028-ded6-4467-8ac4-8fc2e316b7e5_1/correct.java" /><file href="vpl/id638bf028-ded6-4467-8ac4-8fc2e316b7e5_1/cases.txt" /><file href="vpl/id638bf028-ded6-4467-8ac4-8fc2e316b7e5_1/placeholder.java" /><dependency identifierref="idae7c5a2d_edba_4b1d_be0a_af9012cdca62" /><dependency identifierref="id1d11ba86_e9f6_4448_b26c_cde76fe4bbfb_1" /><dependency identifierref="id03fba1f6_1441_4c10_a9c0_c5ead710ffad_1" /><dependency identifierref="id7b9d3c1f_d638_4781_8eda_f7ca878305cc_1" /><dependency identifierref="id59594b3a_0ac4_49fd_aceb_97ac58e86334_1" /><dependency identifierref="idde984eeb_faa8_4a67_93dd_bd96419bd64f_1" /><dependency identifierref="idddbf88dc_e856_4db1_a6ce_1166446984af_1" /><dependency identifierref="idb1fd8df1_2137_4a14_96cc_aa11112347a0_1" /><dependency identifierref="id71380092_dd46_47bd_9ea2_b0bcee7da25a_1" /><dependency identifierref="id7a64b311_1d1b_4f2e_9809_7f3348aed630_1" /><dependency identifierref="id880aa26c_cfd2_4542_9f37_dc9c1c0dd416_1" /><dependency identifierref="id1629986e_ebda_4054_8b56_b7805953cd2a_1" /><dependency identifierref="id76fceafa_d455_430f_ae88_1b8af0ff61d6_1" /><dependency identifierref="id69fd3010_c171_4aa9_a5a4_3292dde31f9d_1" /><dependency identifierref="id947f2927_f92e_4253_bb54_1be348195a22_1" /><dependency identifierref="idea77a845_aa94_4964_b8a3_73ac29c5c8ce_1" /><dependency identifierref="id7476d82a_6692_4441_b3d3_c308e0c1fada_1" /><dependency identifierref="ide00c3ff3_386e_4118_a05e_6fa0a6e4c580_1" /><dependency identifierref="idb9bce007_7aa8_4d73_92e5_a5108706e99f_1" /><dependency identifierref="ida60491de_54a0_4577_9e0d_5ed0699194c5_1" /><dependency identifierref="id5148f2d5_9d5a_4337_8b3f_d9e39caebbe3_1" /><dependency identifierref="idd50bd9f1_504f_47d2_b012_7c9f6b693964_1" /><dependency identifierref="idbb7d14e7_c868_4cf7_aceb_bf0bbfd0f5fa_1" /><dependency identifierref="id91b84931_88b4_4d52_abb6_8ebc2995540c_1" /><dependency identifierref="id4739b2cb_84ff_424d_ba02_7905b1d0ef1c_1" /><dependency identifierref="id638bf028_ded6_4467_8ac4_8fc2e316b7e5_1" /></resource><resource identifier="idae7c5a2d_edba_4b1d_be0a_af9012cdca62" type="imsqti_item_xmlv2p1" href="idae7c5a2d-edba-4b1d-be0a-af9012cdca62.xml"><file href="idae7c5a2d-edba-4b1d-be0a-af9012cdca62.xml" /></resource><resource identifier="id1d11ba86_e9f6_4448_b26c_cde76fe4bbfb_1" type="imsqti_item_xmlv2p1" href="id1d11ba86-e9f6-4448-b26c-cde76fe4bbfb_1.xml"><file href="id1d11ba86-e9f6-4448-b26c-cde76fe4bbfb_1.xml" /></resource><resource identifier="id03fba1f6_1441_4c10_a9c0_c5ead710ffad_1" type="imsqti_item_xmlv2p1" href="id03fba1f6-1441-4c10-a9c0-c5ead710ffad_1.xml"><file href="id03fba1f6-1441-4c10-a9c0-c5ead710ffad_1.xml" /></resource><resource identifier="id7b9d3c1f_d638_4781_8eda_f7ca878305cc_1" type="imsqti_item_xmlv2p1" href="id7b9d3c1f-d638-4781-8eda-f7ca878305cc_1.xml"><file href="id7b9d3c1f-d638-4781-8eda-f7ca878305cc_1.xml" /></resource><resource identifier="id59594b3a_0ac4_49fd_aceb_97ac58e86334_1" type="imsqti_item_xmlv2p1" href="id59594b3a-0ac4-49fd-aceb-97ac58e86334_1.xml"><file href="id59594b3a-0ac4-49fd-aceb-97ac58e86334_1.xml" /></resource><resource identifier="idde984eeb_faa8_4a67_93dd_bd96419bd64f_1" type="imsqti_item_xmlv2p1" href="idde984eeb-faa8-4a67-93dd-bd96419bd64f_1.xml"><file href="idde984eeb-faa8-4a67-93dd-bd96419bd64f_1.xml" /></resource><resource identifier="idddbf88dc_e856_4db1_a6ce_1166446984af_1" type="imsqti_item_xmlv2p1" href="idddbf88dc-e856-4db1-a6ce-1166446984af_1.xml"><file href="idddbf88dc-e856-4db1-a6ce-1166446984af_1.xml" /></resource><resource identifier="idb1fd8df1_2137_4a14_96cc_aa11112347a0_1" type="imsqti_item_xmlv2p1" href="idb1fd8df1-2137-4a14-96cc-aa11112347a0_1.xml"><file href="idb1fd8df1-2137-4a14-96cc-aa11112347a0_1.xml" /></resource><resource identifier="id71380092_dd46_47bd_9ea2_b0bcee7da25a_1" type="imsqti_item_xmlv2p1" href="id71380092-dd46-47bd-9ea2-b0bcee7da25a_1.xml"><file href="id71380092-dd46-47bd-9ea2-b0bcee7da25a_1.xml" /></resource><resource identifier="id7a64b311_1d1b_4f2e_9809_7f3348aed630_1" type="imsqti_item_xmlv2p1" href="id7a64b311-1d1b-4f2e-9809-7f3348aed630_1.xml"><file href="id7a64b311-1d1b-4f2e-9809-7f3348aed630_1.xml" /></resource><resource identifier="id880aa26c_cfd2_4542_9f37_dc9c1c0dd416_1" type="imsqti_item_xmlv2p1" href="id880aa26c-cfd2-4542-9f37-dc9c1c0dd416_1.xml"><file href="id880aa26c-cfd2-4542-9f37-dc9c1c0dd416_1.xml" /></resource><resource identifier="id1629986e_ebda_4054_8b56_b7805953cd2a_1" type="imsqti_item_xmlv2p1" href="id1629986e-ebda-4054-8b56-b7805953cd2a_1.xml"><file href="id1629986e-ebda-4054-8b56-b7805953cd2a_1.xml" /></resource><resource identifier="id76fceafa_d455_430f_ae88_1b8af0ff61d6_1" type="imsqti_item_xmlv2p1" href="id76fceafa-d455-430f-ae88-1b8af0ff61d6_1.xml"><file href="id76fceafa-d455-430f-ae88-1b8af0ff61d6_1.xml" /></resource><resource identifier="id69fd3010_c171_4aa9_a5a4_3292dde31f9d_1" type="imsqti_item_xmlv2p1" href="id69fd3010-c171-4aa9-a5a4-3292dde31f9d_1.xml"><file href="id69fd3010-c171-4aa9-a5a4-3292dde31f9d_1.xml" /></resource><resource identifier="id947f2927_f92e_4253_bb54_1be348195a22_1" type="imsqti_item_xmlv2p1" href="id947f2927-f92e-4253-bb54-1be348195a22_1.xml"><file href="id947f2927-f92e-4253-bb54-1be348195a22_1.xml" /></resource><resource identifier="idea77a845_aa94_4964_b8a3_73ac29c5c8ce_1" type="imsqti_item_xmlv2p1" href="idea77a845-aa94-4964-b8a3-73ac29c5c8ce_1.xml"><file href="idea77a845-aa94-4964-b8a3-73ac29c5c8ce_1.xml" /></resource><resource identifier="id7476d82a_6692_4441_b3d3_c308e0c1fada_1" type="imsqti_item_xmlv2p1" href="id7476d82a-6692-4441-b3d3-c308e0c1fada_1.xml"><file href="id7476d82a-6692-4441-b3d3-c308e0c1fada_1.xml" /></resource><resource identifier="ide00c3ff3_386e_4118_a05e_6fa0a6e4c580_1" type="imsqti_item_xmlv2p1" href="ide00c3ff3-386e-4118-a05e-6fa0a6e4c580_1.xml"><file href="ide00c3ff3-386e-4118-a05e-6fa0a6e4c580_1.xml" /></resource><resource identifier="idb9bce007_7aa8_4d73_92e5_a5108706e99f_1" type="imsqti_item_xmlv2p1" href="idb9bce007-7aa8-4d73-92e5-a5108706e99f_1.xml"><file href="idb9bce007-7aa8-4d73-92e5-a5108706e99f_1.xml" /></resource><resource identifier="ida60491de_54a0_4577_9e0d_5ed0699194c5_1" type="imsqti_item_xmlv2p1" href="ida60491de-54a0-4577-9e0d-5ed0699194c5_1.xml"><file href="ida60491de-54a0-4577-9e0d-5ed0699194c5_1.xml" /></resource><resource identifier="id5148f2d5_9d5a_4337_8b3f_d9e39caebbe3_1" type="imsqti_item_xmlv2p1" href="id5148f2d5-9d5a-4337-8b3f-d9e39caebbe3_1.xml"><file href="id5148f2d5-9d5a-4337-8b3f-d9e39caebbe3_1.xml" /></resource><resource identifier="idd50bd9f1_504f_47d2_b012_7c9f6b693964_1" type="imsqti_item_xmlv2p1" href="idd50bd9f1-504f-47d2-b012-7c9f6b693964_1.xml"><file href="idd50bd9f1-504f-47d2-b012-7c9f6b693964_1.xml" /></resource><resource identifier="idbb7d14e7_c868_4cf7_aceb_bf0bbfd0f5fa_1" type="imsqti_item_xmlv2p1" href="idbb7d14e7-c868-4cf7-aceb-bf0bbfd0f5fa_1.xml"><file href="idbb7d14e7-c868-4cf7-aceb-bf0bbfd0f5fa_1.xml" /></resource><resource identifier="id91b84931_88b4_4d52_abb6_8ebc2995540c_1" type="imsqti_item_xmlv2p1" href="id91b84931-88b4-4d52-abb6-8ebc2995540c_1.xml"><file href="id91b84931-88b4-4d52-abb6-8ebc2995540c_1.xml" /></resource><resource identifier="id4739b2cb_84ff_424d_ba02_7905b1d0ef1c_1" type="imsqti_item_xmlv2p1" href="id4739b2cb-84ff-424d-ba02-7905b1d0ef1c_1.xml"><file href="id4739b2cb-84ff-424d-ba02-7905b1d0ef1c_1.xml" /></resource><resource identifier="id638bf028_ded6_4467_8ac4_8fc2e316b7e5_1" type="imsqti_item_xmlv2p1" href="id638bf028-ded6-4467-8ac4-8fc2e316b7e5_1.xml"><file href="id638bf028-ded6-4467-8ac4-8fc2e316b7e5_1.xml" /></resource></resources></manifest>
