<?xml version="1.0" encoding="UTF-8"?>
<assessmentTest xmlns="http://www.imsglobal.org/xsd/imsqti_v2p1" xmlns:xsi="http://www.w3.org/2001/XMLSchema-instance" xsi:schemaLocation="http://www.imsglobal.org/xsd/imsqti_v2p1 http://www.imsglobal.org/xsd/qti/qtiv2p1/imsqti_v2p1p1.xsd" identifier="idTest42240c41-b42f-4e14-bad1-2e875f28e7be" title="if-else"><outcomeDeclaration identifier="SCORE" cardinality="single" baseType="float"><defaultValue><value>0</value></defaultValue></outcomeDeclaration><outcomeDeclaration identifier="MAXSCORE" cardinality="single" baseType="float"><defaultValue><value>24</value></defaultValue></outcomeDeclaration><outcomeDeclaration identifier="MINSCORE" cardinality="single" baseType="float"><defaultValue><value>0</value></defaultValue></outcomeDeclaration><testPart  identifier="id919d1d10-33b3-4d3b-93bb-27ec69fa4974" navigationMode="nonlinear" submissionMode="individual"><itemSessionControl allowComment="false" maxAttempts="1" /><assessmentSection identifier="idf785378b-c57c-4621-b2da-2f0adadee418" fixed="false" title="Organisatorisches" visible="true"><rubricBlock view="candidate" /><assessmentItemRef identifier="id4d5522b8-d9c4-4b7a-b3e3-70c92c5440c7" href="id4d5522b8-d9c4-4b7a-b3e3-70c92c5440c7.xml" fixed="false" /></assessmentSection><assessmentSection identifier="id238286bb-93b9-4dac-b2f3-b32886f68ee2" fixed="false" title="Aufgaben" visible="true"><ordering shuffle="true" /><rubricBlock view="candidate"><p>Die folgenden Quelltexte enthalten verschiedene Fehler. Ihre Aufgabe ist es, diese Fehler zu finden und zu korrigieren.</p><p> </p><p>Generell werden bei allen Aufgaben immer {} genutzt und der Code wird nicht nur eingerückt.</p><p> </p><p>Beispiel:</p><p>for (int i = 0; i &lt; 10; i++) {</p><p>    System.out.println(i);</p><p>}</p><p>Klicken Sie dazu in den Quelltext und beheben den Fehler direkt im Quelltext. Dann klicken Sie auf "Antworten abgeben" und bekommen sofort Rückmeldung. Mit "Weiter" gehen Sie zum nächsten Quelltext.</p></rubricBlock><assessmentItemRef identifier="id2545f1b7-0fba-4305-9662-4843d4950f89_1" href="id2545f1b7-0fba-4305-9662-4843d4950f89_1.xml" fixed="false" /><assessmentItemRef identifier="ida9c6fdd7-adde-4476-a977-378ab04af703_1" href="ida9c6fdd7-adde-4476-a977-378ab04af703_1.xml" fixed="false" /><assessmentItemRef identifier="id016f334d-fb09-416f-a4a3-96cad5cf8ef4_1" href="id016f334d-fb09-416f-a4a3-96cad5cf8ef4_1.xml" fixed="false" /><assessmentItemRef identifier="id6c00bf27-f682-4d43-be65-3a211da4888f_1" href="id6c00bf27-f682-4d43-be65-3a211da4888f_1.xml" fixed="false" /><assessmentItemRef identifier="id75936e58-fdb7-446e-8497-cb39af2ca599_1" href="id75936e58-fdb7-446e-8497-cb39af2ca599_1.xml" fixed="false" /><assessmentItemRef identifier="id9c5e576f-c720-4909-842f-094dfb2b3f75_1" href="id9c5e576f-c720-4909-842f-094dfb2b3f75_1.xml" fixed="false" /><assessmentItemRef identifier="idec5a62f5-47b8-4440-aef6-d43b85fbeedb_1" href="idec5a62f5-47b8-4440-aef6-d43b85fbeedb_1.xml" fixed="false" /><assessmentItemRef identifier="id2a9b53bd-9cf4-4702-8e0f-e20767c64c62_1" href="id2a9b53bd-9cf4-4702-8e0f-e20767c64c62_1.xml" fixed="false" /><assessmentItemRef identifier="id911c974d-20c1-4eff-8537-d3ebf952490d_1" href="id911c974d-20c1-4eff-8537-d3ebf952490d_1.xml" fixed="false" /><assessmentItemRef identifier="id58465c78-0542-4633-903b-e346cd0cf269_1" href="id58465c78-0542-4633-903b-e346cd0cf269_1.xml" fixed="false" /><assessmentItemRef identifier="id7a0b23eb-67a7-4747-8048-837c28f59313_1" href="id7a0b23eb-67a7-4747-8048-837c28f59313_1.xml" fixed="false" /><assessmentItemRef identifier="id051b2d5a-8598-4e14-b5b7-0ff0ae61d73d_1" href="id051b2d5a-8598-4e14-b5b7-0ff0ae61d73d_1.xml" fixed="false" /><assessmentItemRef identifier="id4b3b4073-3036-4329-9c88-5725c06ea4fa_1" href="id4b3b4073-3036-4329-9c88-5725c06ea4fa_1.xml" fixed="false" /><assessmentItemRef identifier="id14e3be56-fb27-4fec-9e66-5f4c50874297_1" href="id14e3be56-fb27-4fec-9e66-5f4c50874297_1.xml" fixed="false" /><assessmentItemRef identifier="iddfe06881-564b-417e-8537-3150d8bdb8f4_1" href="iddfe06881-564b-417e-8537-3150d8bdb8f4_1.xml" fixed="false" /><assessmentItemRef identifier="id717a2c78-beec-4e66-834e-5b6430453afc_1" href="id717a2c78-beec-4e66-834e-5b6430453afc_1.xml" fixed="false" /><assessmentItemRef identifier="id30c65cff-4b4e-4137-89af-86a1b0df28fa_1" href="id30c65cff-4b4e-4137-89af-86a1b0df28fa_1.xml" fixed="false" /><assessmentItemRef identifier="idf1421092-55fa-48a2-99c7-a60ab8325bc0_1" href="idf1421092-55fa-48a2-99c7-a60ab8325bc0_1.xml" fixed="false" /><assessmentItemRef identifier="id13ffd47d-5a28-4589-9826-fb8c9820a17f_1" href="id13ffd47d-5a28-4589-9826-fb8c9820a17f_1.xml" fixed="false" /><assessmentItemRef identifier="id36175fef-c387-472e-9be5-7f9232e5b44f_1" href="id36175fef-c387-472e-9be5-7f9232e5b44f_1.xml" fixed="false" /><assessmentItemRef identifier="idd8539302-1d94-4962-a88e-5c162f9eb332_1" href="idd8539302-1d94-4962-a88e-5c162f9eb332_1.xml" fixed="false" /><assessmentItemRef identifier="id88182bac-ead0-4171-a01c-bebccad8b72e_1" href="id88182bac-ead0-4171-a01c-bebccad8b72e_1.xml" fixed="false" /><assessmentItemRef identifier="id332a30b6-e645-460b-a357-cced3221a810_1" href="id332a30b6-e645-460b-a357-cced3221a810_1.xml" fixed="false" /></assessmentSection></testPart><outcomeProcessing><setOutcomeValue identifier="SCORE"><sum><testVariables variableIdentifier="SCORE" /></sum></setOutcomeValue></outcomeProcessing></assessmentTest>
