<?xml version="1.0" encoding="UTF-8"?>
<manifest xmlns="http://www.imsglobal.org/xsd/imscp_v1p1" xmlns:xsi="http://www.w3.org/2001/XMLSchema-instance" xsi:schemaLocation="http://www.imsglobal.org/xsd/imscp_v1p1 http://www.imsglobal.org/xsd/qti/qtiv2p1/qtiv2p1_imscpv1p2_v1p0.xsd http://www.imsglobal.org/xsd/imsqti_v2p1 http://www.imsglobal.org/xsd/qti/qtiv2p1/imsqti_v2p1p1.xsd http://www.imsglobal.org/xsd/imsqti_metadata_v2p1 http://www.imsglobal.org/xsd/qti/qtiv2p1/imsqti_metadata_v2p1p1.xsd http://ltsc.ieee.org/xsd/LOM http://www.imsglobal.org/xsd/imsmd_loose_v1p3p2.xsd http://www.w3.org/1998/Math/MathML http://www.w3.org/Math/XMLSchema/mathml2/mathml2.xsd" identifier="idTest42240c41_b42f_4e14_bad1_2e875f28e7be_manifest"><metadata ><schema>QTIv2.1 Package</schema><schemaversion>1.0.0</schemaversion></metadata><organizations  /><resources ><resource identifier="idTest42240c41_b42f_4e14_bad1_2e875f28e7be" type="imsqti_test_xmlv2p1" href="idTest42240c41-b42f-4e14-bad1-2e875f28e7be.xml"><metadata><lom xmlns="http://ltsc.ieee.org/xsd/LOM"><general ><identifier><entry>idTest42240c41-b42f-4e14-bad1-2e875f28e7be</entry></identifier><title><string language="de">if-else</string></title><description><string language="de"></string></description></general><lifeCycle ><contribute><date><dateTime>2021-05-30T07:51:56</dateTime></date><role><source>LOMv1.0</source><value>author</value></role><entity>BEGIN:VCARD&#xD;
VERSION:4.0&#xD;
N;LANGUAGE=de:Gorgosch;Dominik;;;&#xD;
FN:Dominik Gorgosch&#xD;
EMAIL:dominik.gorgosch@s2017.tu-chemnitz.de&#xD;
PRODID:ONYX Editor 9.10.0&#xD;
END:VCARD&#xD;
</entity></contribute></lifeCycle><educational ><learningResourceType><source>QTIv2.1</source><value>ExaminationTest</value></learningResourceType></educational></lom></metadata><file href="idTest42240c41-b42f-4e14-bad1-2e875f28e7be.xml" /><file href="vpl/id2545f1b7-0fba-4305-9662-4843d4950f89_1/correct.java" /><file href="vpl/id2545f1b7-0fba-4305-9662-4843d4950f89_1/cases.txt" /><file href="vpl/id2545f1b7-0fba-4305-9662-4843d4950f89_1/placeholder.java" /><file href="vpl/ida9c6fdd7-adde-4476-a977-378ab04af703_1/correct.java" /><file href="vpl/ida9c6fdd7-adde-4476-a977-378ab04af703_1/cases.txt" /><file href="vpl/ida9c6fdd7-adde-4476-a977-378ab04af703_1/placeholder.java" /><file href="vpl/id016f334d-fb09-416f-a4a3-96cad5cf8ef4_1/correct.java" /><file href="vpl/id016f334d-fb09-416f-a4a3-96cad5cf8ef4_1/cases.txt" /><file href="vpl/id016f334d-fb09-416f-a4a3-96cad5cf8ef4_1/placeholder.java" /><file href="vpl/id6c00bf27-f682-4d43-be65-3a211da4888f_1/correct.java" /><file href="vpl/id6c00bf27-f682-4d43-be65-3a211da4888f_1/cases.txt" /><file href="vpl/id6c00bf27-f682-4d43-be65-3a211da4888f_1/placeholder.java" /><file href="vpl/id75936e58-fdb7-446e-8497-cb39af2ca599_1/correct.java" /><file href="vpl/id75936e58-fdb7-446e-8497-cb39af2ca599_1/cases.txt" /><file href="vpl/id75936e58-fdb7-446e-8497-cb39af2ca599_1/placeholder.java" /><file href="vpl/id9c5e576f-c720-4909-842f-094dfb2b3f75_1/correct.java" /><file href="vpl/id9c5e576f-c720-4909-842f-094dfb2b3f75_1/cases.txt" /><file href="vpl/id9c5e576f-c720-4909-842f-094dfb2b3f75_1/placeholder.java" /><file href="vpl/idec5a62f5-47b8-4440-aef6-d43b85fbeedb_1/correct.java" /><file href="vpl/idec5a62f5-47b8-4440-aef6-d43b85fbeedb_1/cases.txt" /><file href="vpl/idec5a62f5-47b8-4440-aef6-d43b85fbeedb_1/placeholder.java" /><file href="vpl/id2a9b53bd-9cf4-4702-8e0f-e20767c64c62_1/correct.java" /><file href="vpl/id2a9b53bd-9cf4-4702-8e0f-e20767c64c62_1/cases.txt" /><file href="vpl/id2a9b53bd-9cf4-4702-8e0f-e20767c64c62_1/placeholder.java" /><file href="vpl/id911c974d-20c1-4eff-8537-d3ebf952490d_1/correct.java" /><file href="vpl/id911c974d-20c1-4eff-8537-d3ebf952490d_1/cases.txt" /><file href="vpl/id911c974d-20c1-4eff-8537-d3ebf952490d_1/placeholder.java" /><file href="vpl/id58465c78-0542-4633-903b-e346cd0cf269_1/correct.java" /><file href="vpl/id58465c78-0542-4633-903b-e346cd0cf269_1/cases.txt" /><file href="vpl/id58465c78-0542-4633-903b-e346cd0cf269_1/placeholder.java" /><file href="vpl/id7a0b23eb-67a7-4747-8048-837c28f59313_1/correct.java" /><file href="vpl/id7a0b23eb-67a7-4747-8048-837c28f59313_1/cases.txt" /><file href="vpl/id7a0b23eb-67a7-4747-8048-837c28f59313_1/placeholder.java" /><file href="vpl/id051b2d5a-8598-4e14-b5b7-0ff0ae61d73d_1/correct.java" /><file href="vpl/id051b2d5a-8598-4e14-b5b7-0ff0ae61d73d_1/cases.txt" /><file href="vpl/id051b2d5a-8598-4e14-b5b7-0ff0ae61d73d_1/placeholder.java" /><file href="vpl/id4b3b4073-3036-4329-9c88-5725c06ea4fa_1/correct.java" /><file href="vpl/id4b3b4073-3036-4329-9c88-5725c06ea4fa_1/cases.txt" /><file href="vpl/id4b3b4073-3036-4329-9c88-5725c06ea4fa_1/placeholder.java" /><file href="vpl/id14e3be56-fb27-4fec-9e66-5f4c50874297_1/correct.java" /><file href="vpl/id14e3be56-fb27-4fec-9e66-5f4c50874297_1/cases.txt" /><file href="vpl/id14e3be56-fb27-4fec-9e66-5f4c50874297_1/placeholder.java" /><file href="vpl/iddfe06881-564b-417e-8537-3150d8bdb8f4_1/correct.java" /><file href="vpl/iddfe06881-564b-417e-8537-3150d8bdb8f4_1/cases.txt" /><file href="vpl/iddfe06881-564b-417e-8537-3150d8bdb8f4_1/placeholder.java" /><file href="vpl/id717a2c78-beec-4e66-834e-5b6430453afc_1/correct.java" /><file href="vpl/id717a2c78-beec-4e66-834e-5b6430453afc_1/cases.txt" /><file href="vpl/id717a2c78-beec-4e66-834e-5b6430453afc_1/placeholder.java" /><file href="vpl/id30c65cff-4b4e-4137-89af-86a1b0df28fa_1/correct.java" /><file href="vpl/id30c65cff-4b4e-4137-89af-86a1b0df28fa_1/cases.txt" /><file href="vpl/id30c65cff-4b4e-4137-89af-86a1b0df28fa_1/placeholder.java" /><file href="vpl/idf1421092-55fa-48a2-99c7-a60ab8325bc0_1/correct.java" /><file href="vpl/idf1421092-55fa-48a2-99c7-a60ab8325bc0_1/cases.txt" /><file href="vpl/idf1421092-55fa-48a2-99c7-a60ab8325bc0_1/placeholder.java" /><file href="vpl/id13ffd47d-5a28-4589-9826-fb8c9820a17f_1/correct.java" /><file href="vpl/id13ffd47d-5a28-4589-9826-fb8c9820a17f_1/cases.txt" /><file href="vpl/id13ffd47d-5a28-4589-9826-fb8c9820a17f_1/placeholder.java" /><file href="vpl/id36175fef-c387-472e-9be5-7f9232e5b44f_1/correct.java" /><file href="vpl/id36175fef-c387-472e-9be5-7f9232e5b44f_1/cases.txt" /><file href="vpl/id36175fef-c387-472e-9be5-7f9232e5b44f_1/placeholder.java" /><file href="vpl/idd8539302-1d94-4962-a88e-5c162f9eb332_1/correct.java" /><file href="vpl/idd8539302-1d94-4962-a88e-5c162f9eb332_1/cases.txt" /><file href="vpl/idd8539302-1d94-4962-a88e-5c162f9eb332_1/placeholder.java" /><file href="vpl/id88182bac-ead0-4171-a01c-bebccad8b72e_1/correct.java" /><file href="vpl/id88182bac-ead0-4171-a01c-bebccad8b72e_1/cases.txt" /><file href="vpl/id88182bac-ead0-4171-a01c-bebccad8b72e_1/placeholder.java" /><file href="vpl/id332a30b6-e645-460b-a357-cced3221a810_1/correct.java" /><file href="vpl/id332a30b6-e645-460b-a357-cced3221a810_1/cases.txt" /><file href="vpl/id332a30b6-e645-460b-a357-cced3221a810_1/placeholder.java" /><dependency identifierref="id4d5522b8_d9c4_4b7a_b3e3_70c92c5440c7" /><dependency identifierref="id2545f1b7_0fba_4305_9662_4843d4950f89_1" /><dependency identifierref="ida9c6fdd7_adde_4476_a977_378ab04af703_1" /><dependency identifierref="id016f334d_fb09_416f_a4a3_96cad5cf8ef4_1" /><dependency identifierref="id6c00bf27_f682_4d43_be65_3a211da4888f_1" /><dependency identifierref="id75936e58_fdb7_446e_8497_cb39af2ca599_1" /><dependency identifierref="id9c5e576f_c720_4909_842f_094dfb2b3f75_1" /><dependency identifierref="idec5a62f5_47b8_4440_aef6_d43b85fbeedb_1" /><dependency identifierref="id2a9b53bd_9cf4_4702_8e0f_e20767c64c62_1" /><dependency identifierref="id911c974d_20c1_4eff_8537_d3ebf952490d_1" /><dependency identifierref="id58465c78_0542_4633_903b_e346cd0cf269_1" /><dependency identifierref="id7a0b23eb_67a7_4747_8048_837c28f59313_1" /><dependency identifierref="id051b2d5a_8598_4e14_b5b7_0ff0ae61d73d_1" /><dependency identifierref="id4b3b4073_3036_4329_9c88_5725c06ea4fa_1" /><dependency identifierref="id14e3be56_fb27_4fec_9e66_5f4c50874297_1" /><dependency identifierref="iddfe06881_564b_417e_8537_3150d8bdb8f4_1" /><dependency identifierref="id717a2c78_beec_4e66_834e_5b6430453afc_1" /><dependency identifierref="id30c65cff_4b4e_4137_89af_86a1b0df28fa_1" /><dependency identifierref="idf1421092_55fa_48a2_99c7_a60ab8325bc0_1" /><dependency identifierref="id13ffd47d_5a28_4589_9826_fb8c9820a17f_1" /><dependency identifierref="id36175fef_c387_472e_9be5_7f9232e5b44f_1" /><dependency identifierref="idd8539302_1d94_4962_a88e_5c162f9eb332_1" /><dependency identifierref="id88182bac_ead0_4171_a01c_bebccad8b72e_1" /><dependency identifierref="id332a30b6_e645_460b_a357_cced3221a810_1" /></resource><resource identifier="id4d5522b8_d9c4_4b7a_b3e3_70c92c5440c7" type="imsqti_item_xmlv2p1" href="id4d5522b8-d9c4-4b7a-b3e3-70c92c5440c7.xml"><file href="id4d5522b8-d9c4-4b7a-b3e3-70c92c5440c7.xml" /></resource><resource identifier="id2545f1b7_0fba_4305_9662_4843d4950f89_1" type="imsqti_item_xmlv2p1" href="id2545f1b7-0fba-4305-9662-4843d4950f89_1.xml"><file href="id2545f1b7-0fba-4305-9662-4843d4950f89_1.xml" /></resource><resource identifier="ida9c6fdd7_adde_4476_a977_378ab04af703_1" type="imsqti_item_xmlv2p1" href="ida9c6fdd7-adde-4476-a977-378ab04af703_1.xml"><file href="ida9c6fdd7-adde-4476-a977-378ab04af703_1.xml" /></resource><resource identifier="id016f334d_fb09_416f_a4a3_96cad5cf8ef4_1" type="imsqti_item_xmlv2p1" href="id016f334d-fb09-416f-a4a3-96cad5cf8ef4_1.xml"><file href="id016f334d-fb09-416f-a4a3-96cad5cf8ef4_1.xml" /></resource><resource identifier="id6c00bf27_f682_4d43_be65_3a211da4888f_1" type="imsqti_item_xmlv2p1" href="id6c00bf27-f682-4d43-be65-3a211da4888f_1.xml"><file href="id6c00bf27-f682-4d43-be65-3a211da4888f_1.xml" /></resource><resource identifier="id75936e58_fdb7_446e_8497_cb39af2ca599_1" type="imsqti_item_xmlv2p1" href="id75936e58-fdb7-446e-8497-cb39af2ca599_1.xml"><file href="id75936e58-fdb7-446e-8497-cb39af2ca599_1.xml" /></resource><resource identifier="id9c5e576f_c720_4909_842f_094dfb2b3f75_1" type="imsqti_item_xmlv2p1" href="id9c5e576f-c720-4909-842f-094dfb2b3f75_1.xml"><file href="id9c5e576f-c720-4909-842f-094dfb2b3f75_1.xml" /></resource><resource identifier="idec5a62f5_47b8_4440_aef6_d43b85fbeedb_1" type="imsqti_item_xmlv2p1" href="idec5a62f5-47b8-4440-aef6-d43b85fbeedb_1.xml"><file href="idec5a62f5-47b8-4440-aef6-d43b85fbeedb_1.xml" /></resource><resource identifier="id2a9b53bd_9cf4_4702_8e0f_e20767c64c62_1" type="imsqti_item_xmlv2p1" href="id2a9b53bd-9cf4-4702-8e0f-e20767c64c62_1.xml"><file href="id2a9b53bd-9cf4-4702-8e0f-e20767c64c62_1.xml" /></resource><resource identifier="id911c974d_20c1_4eff_8537_d3ebf952490d_1" type="imsqti_item_xmlv2p1" href="id911c974d-20c1-4eff-8537-d3ebf952490d_1.xml"><file href="id911c974d-20c1-4eff-8537-d3ebf952490d_1.xml" /></resource><resource identifier="id58465c78_0542_4633_903b_e346cd0cf269_1" type="imsqti_item_xmlv2p1" href="id58465c78-0542-4633-903b-e346cd0cf269_1.xml"><file href="id58465c78-0542-4633-903b-e346cd0cf269_1.xml" /></resource><resource identifier="id7a0b23eb_67a7_4747_8048_837c28f59313_1" type="imsqti_item_xmlv2p1" href="id7a0b23eb-67a7-4747-8048-837c28f59313_1.xml"><file href="id7a0b23eb-67a7-4747-8048-837c28f59313_1.xml" /></resource><resource identifier="id051b2d5a_8598_4e14_b5b7_0ff0ae61d73d_1" type="imsqti_item_xmlv2p1" href="id051b2d5a-8598-4e14-b5b7-0ff0ae61d73d_1.xml"><file href="id051b2d5a-8598-4e14-b5b7-0ff0ae61d73d_1.xml" /></resource><resource identifier="id4b3b4073_3036_4329_9c88_5725c06ea4fa_1" type="imsqti_item_xmlv2p1" href="id4b3b4073-3036-4329-9c88-5725c06ea4fa_1.xml"><file href="id4b3b4073-3036-4329-9c88-5725c06ea4fa_1.xml" /></resource><resource identifier="id14e3be56_fb27_4fec_9e66_5f4c50874297_1" type="imsqti_item_xmlv2p1" href="id14e3be56-fb27-4fec-9e66-5f4c50874297_1.xml"><file href="id14e3be56-fb27-4fec-9e66-5f4c50874297_1.xml" /></resource><resource identifier="iddfe06881_564b_417e_8537_3150d8bdb8f4_1" type="imsqti_item_xmlv2p1" href="iddfe06881-564b-417e-8537-3150d8bdb8f4_1.xml"><file href="iddfe06881-564b-417e-8537-3150d8bdb8f4_1.xml" /></resource><resource identifier="id717a2c78_beec_4e66_834e_5b6430453afc_1" type="imsqti_item_xmlv2p1" href="id717a2c78-beec-4e66-834e-5b6430453afc_1.xml"><file href="id717a2c78-beec-4e66-834e-5b6430453afc_1.xml" /></resource><resource identifier="id30c65cff_4b4e_4137_89af_86a1b0df28fa_1" type="imsqti_item_xmlv2p1" href="id30c65cff-4b4e-4137-89af-86a1b0df28fa_1.xml"><file href="id30c65cff-4b4e-4137-89af-86a1b0df28fa_1.xml" /></resource><resource identifier="idf1421092_55fa_48a2_99c7_a60ab8325bc0_1" type="imsqti_item_xmlv2p1" href="idf1421092-55fa-48a2-99c7-a60ab8325bc0_1.xml"><file href="idf1421092-55fa-48a2-99c7-a60ab8325bc0_1.xml" /></resource><resource identifier="id13ffd47d_5a28_4589_9826_fb8c9820a17f_1" type="imsqti_item_xmlv2p1" href="id13ffd47d-5a28-4589-9826-fb8c9820a17f_1.xml"><file href="id13ffd47d-5a28-4589-9826-fb8c9820a17f_1.xml" /></resource><resource identifier="id36175fef_c387_472e_9be5_7f9232e5b44f_1" type="imsqti_item_xmlv2p1" href="id36175fef-c387-472e-9be5-7f9232e5b44f_1.xml"><file href="id36175fef-c387-472e-9be5-7f9232e5b44f_1.xml" /></resource><resource identifier="idd8539302_1d94_4962_a88e_5c162f9eb332_1" type="imsqti_item_xmlv2p1" href="idd8539302-1d94-4962-a88e-5c162f9eb332_1.xml"><file href="idd8539302-1d94-4962-a88e-5c162f9eb332_1.xml" /></resource><resource identifier="id88182bac_ead0_4171_a01c_bebccad8b72e_1" type="imsqti_item_xmlv2p1" href="id88182bac-ead0-4171-a01c-bebccad8b72e_1.xml"><file href="id88182bac-ead0-4171-a01c-bebccad8b72e_1.xml" /></resource><resource identifier="id332a30b6_e645_460b_a357_cced3221a810_1" type="imsqti_item_xmlv2p1" href="id332a30b6-e645-460b-a357-cced3221a810_1.xml"><file href="id332a30b6-e645-460b-a357-cced3221a810_1.xml" /></resource></resources></manifest>
