<?xml version="1.0" encoding="UTF-8"?>
<assessmentTest xmlns="http://www.imsglobal.org/xsd/imsqti_v2p1" xmlns:xsi="http://www.w3.org/2001/XMLSchema-instance" xsi:schemaLocation="http://www.imsglobal.org/xsd/imsqti_v2p1 http://www.imsglobal.org/xsd/qti/qtiv2p1/imsqti_v2p1p1.xsd" identifier="idTest2efaf354-dfb1-4d72-b91b-bd601e816e3d" title="for-Schleifen"><outcomeDeclaration identifier="SCORE" cardinality="single" baseType="float"><defaultValue><value>0</value></defaultValue></outcomeDeclaration><outcomeDeclaration identifier="MAXSCORE" cardinality="single" baseType="float"><defaultValue><value>26</value></defaultValue></outcomeDeclaration><outcomeDeclaration identifier="MINSCORE" cardinality="single" baseType="float"><defaultValue><value>0</value></defaultValue></outcomeDeclaration><testPart  identifier="id455900b2-b83c-42d2-aaf4-8ec59dac7b8a" navigationMode="nonlinear" submissionMode="individual"><itemSessionControl allowComment="false" maxAttempts="1" /><assessmentSection identifier="id70c17597-d34d-472f-a235-34e7056ffea4" fixed="false" title="Organisatorisches" visible="true"><rubricBlock view="candidate" /><assessmentItemRef identifier="idc3214637-7d65-4c73-aaf0-15f5409be93c" href="idc3214637-7d65-4c73-aaf0-15f5409be93c.xml" fixed="false" /></assessmentSection><assessmentSection identifier="id95e74a00-4fc8-40dc-957f-d6c0b8a69b8c" fixed="false" title="Aufgaben" visible="true"><ordering shuffle="true" /><rubricBlock view="candidate"><div class="box section-stimulus"><p>Die folgenden Quelltexte enthalten verschiedene Fehler. Ihre Aufgabe ist es, diese Fehler zu finden und zu korrigieren.</p><p> </p><p>Generell werden bei allen Aufgaben immer {} genutzt und der Code wird nicht nur eingerückt.</p><p> </p><p>Beispiel:</p><p>for (int i = 0; i &lt; 10; i++) {</p><p>    System.out.println(i);</p><p>}</p><p>Klicken Sie dazu in den Quelltext und beheben den Fehler direkt im Quelltext. Dann klicken Sie auf "Antworten abgeben" und bekommen sofort Rückmeldung. Mit "Weiter" gehen Sie zum nächsten Quelltext.</p></div></rubricBlock><assessmentItemRef identifier="id4bd81799-7a4f-4f81-bf2c-5cadbe4bbfb1_1" href="id4bd81799-7a4f-4f81-bf2c-5cadbe4bbfb1_1.xml" fixed="false" /><assessmentItemRef identifier="idf76ffdd9-b0a8-4d5c-bd16-2673a5efac7a_1" href="idf76ffdd9-b0a8-4d5c-bd16-2673a5efac7a_1.xml" fixed="false" /><assessmentItemRef identifier="id489ebb33-33ba-45f0-981d-7e439ad44171_1" href="id489ebb33-33ba-45f0-981d-7e439ad44171_1.xml" fixed="false" /><assessmentItemRef identifier="id1e7669bc-134b-4ae6-9420-bc82560b5114_1" href="id1e7669bc-134b-4ae6-9420-bc82560b5114_1.xml" fixed="false" /><assessmentItemRef identifier="ida8380de5-fae8-4fb7-9c6d-b3199bb7c52d_1" href="ida8380de5-fae8-4fb7-9c6d-b3199bb7c52d_1.xml" fixed="false" /><assessmentItemRef identifier="id8c7c9243-4201-4bd9-9c3c-1e22f3e75dfe_1" href="id8c7c9243-4201-4bd9-9c3c-1e22f3e75dfe_1.xml" fixed="false" /><assessmentItemRef identifier="id8a671aa3-7f17-48b7-84ea-b3f480dff3ec_1" href="id8a671aa3-7f17-48b7-84ea-b3f480dff3ec_1.xml" fixed="false" /><assessmentItemRef identifier="id8a12fced-be8b-4f1a-b61b-52b6f345bf24_1" href="id8a12fced-be8b-4f1a-b61b-52b6f345bf24_1.xml" fixed="false" /><assessmentItemRef identifier="id131c2a0f-f24f-4693-951a-ce45ad0f08ee_1" href="id131c2a0f-f24f-4693-951a-ce45ad0f08ee_1.xml" fixed="false" /><assessmentItemRef identifier="id8be65999-6d3d-4726-8b93-fddd7ef3b195_1" href="id8be65999-6d3d-4726-8b93-fddd7ef3b195_1.xml" fixed="false" /><assessmentItemRef identifier="id877c3710-d41c-4d61-a07a-3eaf176f131f_1" href="id877c3710-d41c-4d61-a07a-3eaf176f131f_1.xml" fixed="false" /><assessmentItemRef identifier="idd31f42b7-7ec1-412e-9144-25f60df9ee48_1" href="idd31f42b7-7ec1-412e-9144-25f60df9ee48_1.xml" fixed="false" /><assessmentItemRef identifier="idb9c0b089-32f7-4b3e-8f2b-8ad6a5934174_1" href="idb9c0b089-32f7-4b3e-8f2b-8ad6a5934174_1.xml" fixed="false" /><assessmentItemRef identifier="idf3886107-df8b-4db6-9e75-96fd353a7496_1" href="idf3886107-df8b-4db6-9e75-96fd353a7496_1.xml" fixed="false" /><assessmentItemRef identifier="id163e628b-7c84-4f47-8137-1402b41d9306_1" href="id163e628b-7c84-4f47-8137-1402b41d9306_1.xml" fixed="false" /><assessmentItemRef identifier="id86f80426-6f58-4600-b5f4-d3738679f697_1" href="id86f80426-6f58-4600-b5f4-d3738679f697_1.xml" fixed="false" /><assessmentItemRef identifier="id8b8e7d95-82b7-4356-8cb1-41b5c088eb6a_1" href="id8b8e7d95-82b7-4356-8cb1-41b5c088eb6a_1.xml" fixed="false" /><assessmentItemRef identifier="id13371e36-bb4c-48da-a903-4eda843c49a6_1" href="id13371e36-bb4c-48da-a903-4eda843c49a6_1.xml" fixed="false" /><assessmentItemRef identifier="idd9ae272a-dd37-4a89-9c6c-cb5a1cd8e014_1" href="idd9ae272a-dd37-4a89-9c6c-cb5a1cd8e014_1.xml" fixed="false" /><assessmentItemRef identifier="idaf898c51-abf3-4494-a1b6-91ec75a4cb57_1" href="idaf898c51-abf3-4494-a1b6-91ec75a4cb57_1.xml" fixed="false" /><assessmentItemRef identifier="id46a452b9-64b6-4861-b0d1-4eced7d9e696_1" href="id46a452b9-64b6-4861-b0d1-4eced7d9e696_1.xml" fixed="false" /><assessmentItemRef identifier="ida04f1e69-2909-4a4a-9847-0fd9439ea428_1" href="ida04f1e69-2909-4a4a-9847-0fd9439ea428_1.xml" fixed="false" /><assessmentItemRef identifier="idd8c24804-5fb6-4eaf-af77-df9ea9040f31_1" href="idd8c24804-5fb6-4eaf-af77-df9ea9040f31_1.xml" fixed="false" /><assessmentItemRef identifier="id51a090d7-d753-4ff8-b2ec-d0d8f595b8bf_1" href="id51a090d7-d753-4ff8-b2ec-d0d8f595b8bf_1.xml" fixed="false" /><assessmentItemRef identifier="id341ead50-575c-4e0f-bd62-2b07bc8174bc_1" href="id341ead50-575c-4e0f-bd62-2b07bc8174bc_1.xml" fixed="false" /></assessmentSection></testPart><outcomeProcessing><setOutcomeValue identifier="SCORE"><sum><testVariables variableIdentifier="SCORE" /></sum></setOutcomeValue></outcomeProcessing></assessmentTest>
