<?xml version="1.0" encoding="UTF-8"?>
<manifest xmlns="http://www.imsglobal.org/xsd/imscp_v1p1" xmlns:xsi="http://www.w3.org/2001/XMLSchema-instance" xsi:schemaLocation="http://www.imsglobal.org/xsd/imscp_v1p1 http://www.imsglobal.org/xsd/qti/qtiv2p1/qtiv2p1_imscpv1p2_v1p0.xsd http://www.imsglobal.org/xsd/imsqti_v2p1 http://www.imsglobal.org/xsd/qti/qtiv2p1/imsqti_v2p1p1.xsd http://www.imsglobal.org/xsd/imsqti_metadata_v2p1 http://www.imsglobal.org/xsd/qti/qtiv2p1/imsqti_metadata_v2p1p1.xsd http://ltsc.ieee.org/xsd/LOM http://www.imsglobal.org/xsd/imsmd_loose_v1p3p2.xsd http://www.w3.org/1998/Math/MathML http://www.w3.org/Math/XMLSchema/mathml2/mathml2.xsd" identifier="idTest2efaf354_dfb1_4d72_b91b_bd601e816e3d_manifest"><metadata ><schema>QTIv2.1 Package</schema><schemaversion>1.0.0</schemaversion></metadata><organizations  /><resources ><resource identifier="idTest2efaf354_dfb1_4d72_b91b_bd601e816e3d" type="imsqti_test_xmlv2p1" href="idTest2efaf354-dfb1-4d72-b91b-bd601e816e3d.xml"><metadata><lom xmlns="http://ltsc.ieee.org/xsd/LOM"><general ><identifier><entry>idTest2efaf354-dfb1-4d72-b91b-bd601e816e3d</entry></identifier><title><string language="de">for-Schleifen</string></title><description><string language="de"></string></description></general><lifeCycle ><contribute><date><dateTime>2021-05-30T08:10:56</dateTime></date><role><source>LOMv1.0</source><value>author</value></role><entity>BEGIN:VCARD&#xD;
VERSION:4.0&#xD;
N;LANGUAGE=de:Gorgosch;Dominik;;;&#xD;
FN:Dominik Gorgosch&#xD;
EMAIL:dominik.gorgosch@s2017.tu-chemnitz.de&#xD;
PRODID:ONYX Editor 9.10.0&#xD;
END:VCARD&#xD;
</entity></contribute></lifeCycle><educational ><learningResourceType><source>QTIv2.1</source><value>ExaminationTest</value></learningResourceType></educational></lom></metadata><file href="idTest2efaf354-dfb1-4d72-b91b-bd601e816e3d.xml" /><file href="vpl/id4bd81799-7a4f-4f81-bf2c-5cadbe4bbfb1_1/correct.java" /><file href="vpl/id4bd81799-7a4f-4f81-bf2c-5cadbe4bbfb1_1/cases.txt" /><file href="vpl/id4bd81799-7a4f-4f81-bf2c-5cadbe4bbfb1_1/placeholder.java" /><file href="vpl/idf76ffdd9-b0a8-4d5c-bd16-2673a5efac7a_1/correct.java" /><file href="vpl/idf76ffdd9-b0a8-4d5c-bd16-2673a5efac7a_1/cases.txt" /><file href="vpl/idf76ffdd9-b0a8-4d5c-bd16-2673a5efac7a_1/placeholder.java" /><file href="vpl/id489ebb33-33ba-45f0-981d-7e439ad44171_1/correct.java" /><file href="vpl/id489ebb33-33ba-45f0-981d-7e439ad44171_1/cases.txt" /><file href="vpl/id489ebb33-33ba-45f0-981d-7e439ad44171_1/placeholder.java" /><file href="vpl/id1e7669bc-134b-4ae6-9420-bc82560b5114_1/correct.java" /><file href="vpl/id1e7669bc-134b-4ae6-9420-bc82560b5114_1/cases.txt" /><file href="vpl/id1e7669bc-134b-4ae6-9420-bc82560b5114_1/placeholder.java" /><file href="vpl/ida8380de5-fae8-4fb7-9c6d-b3199bb7c52d_1/correct.java" /><file href="vpl/ida8380de5-fae8-4fb7-9c6d-b3199bb7c52d_1/cases.txt" /><file href="vpl/ida8380de5-fae8-4fb7-9c6d-b3199bb7c52d_1/placeholder.java" /><file href="vpl/id8c7c9243-4201-4bd9-9c3c-1e22f3e75dfe_1/correct.java" /><file href="vpl/id8c7c9243-4201-4bd9-9c3c-1e22f3e75dfe_1/cases.txt" /><file href="vpl/id8c7c9243-4201-4bd9-9c3c-1e22f3e75dfe_1/placeholder.java" /><file href="vpl/id8a671aa3-7f17-48b7-84ea-b3f480dff3ec_1/correct.java" /><file href="vpl/id8a671aa3-7f17-48b7-84ea-b3f480dff3ec_1/cases.txt" /><file href="vpl/id8a671aa3-7f17-48b7-84ea-b3f480dff3ec_1/placeholder.java" /><file href="vpl/id8a12fced-be8b-4f1a-b61b-52b6f345bf24_1/correct.java" /><file href="vpl/id8a12fced-be8b-4f1a-b61b-52b6f345bf24_1/cases.txt" /><file href="vpl/id8a12fced-be8b-4f1a-b61b-52b6f345bf24_1/placeholder.java" /><file href="vpl/id131c2a0f-f24f-4693-951a-ce45ad0f08ee_1/correct.java" /><file href="vpl/id131c2a0f-f24f-4693-951a-ce45ad0f08ee_1/cases.txt" /><file href="vpl/id131c2a0f-f24f-4693-951a-ce45ad0f08ee_1/placeholder.java" /><file href="vpl/id8be65999-6d3d-4726-8b93-fddd7ef3b195_1/correct.java" /><file href="vpl/id8be65999-6d3d-4726-8b93-fddd7ef3b195_1/cases.txt" /><file href="vpl/id8be65999-6d3d-4726-8b93-fddd7ef3b195_1/placeholder.java" /><file href="vpl/id877c3710-d41c-4d61-a07a-3eaf176f131f_1/correct.java" /><file href="vpl/id877c3710-d41c-4d61-a07a-3eaf176f131f_1/cases.txt" /><file href="vpl/id877c3710-d41c-4d61-a07a-3eaf176f131f_1/placeholder.java" /><file href="vpl/idd31f42b7-7ec1-412e-9144-25f60df9ee48_1/correct.java" /><file href="vpl/idd31f42b7-7ec1-412e-9144-25f60df9ee48_1/cases.txt" /><file href="vpl/idd31f42b7-7ec1-412e-9144-25f60df9ee48_1/placeholder.java" /><file href="vpl/idb9c0b089-32f7-4b3e-8f2b-8ad6a5934174_1/correct.java" /><file href="vpl/idb9c0b089-32f7-4b3e-8f2b-8ad6a5934174_1/cases.txt" /><file href="vpl/idb9c0b089-32f7-4b3e-8f2b-8ad6a5934174_1/placeholder.java" /><file href="vpl/idf3886107-df8b-4db6-9e75-96fd353a7496_1/correct.java" /><file href="vpl/idf3886107-df8b-4db6-9e75-96fd353a7496_1/cases.txt" /><file href="vpl/idf3886107-df8b-4db6-9e75-96fd353a7496_1/placeholder.java" /><file href="vpl/id163e628b-7c84-4f47-8137-1402b41d9306_1/correct.java" /><file href="vpl/id163e628b-7c84-4f47-8137-1402b41d9306_1/cases.txt" /><file href="vpl/id163e628b-7c84-4f47-8137-1402b41d9306_1/placeholder.java" /><file href="vpl/id86f80426-6f58-4600-b5f4-d3738679f697_1/correct.java" /><file href="vpl/id86f80426-6f58-4600-b5f4-d3738679f697_1/cases.txt" /><file href="vpl/id86f80426-6f58-4600-b5f4-d3738679f697_1/placeholder.java" /><file href="vpl/id8b8e7d95-82b7-4356-8cb1-41b5c088eb6a_1/correct.java" /><file href="vpl/id8b8e7d95-82b7-4356-8cb1-41b5c088eb6a_1/cases.txt" /><file href="vpl/id8b8e7d95-82b7-4356-8cb1-41b5c088eb6a_1/placeholder.java" /><file href="vpl/id13371e36-bb4c-48da-a903-4eda843c49a6_1/correct.java" /><file href="vpl/id13371e36-bb4c-48da-a903-4eda843c49a6_1/cases.txt" /><file href="vpl/id13371e36-bb4c-48da-a903-4eda843c49a6_1/placeholder.java" /><file href="vpl/idd9ae272a-dd37-4a89-9c6c-cb5a1cd8e014_1/correct.java" /><file href="vpl/idd9ae272a-dd37-4a89-9c6c-cb5a1cd8e014_1/cases.txt" /><file href="vpl/idd9ae272a-dd37-4a89-9c6c-cb5a1cd8e014_1/placeholder.java" /><file href="vpl/idaf898c51-abf3-4494-a1b6-91ec75a4cb57_1/correct.java" /><file href="vpl/idaf898c51-abf3-4494-a1b6-91ec75a4cb57_1/cases.txt" /><file href="vpl/idaf898c51-abf3-4494-a1b6-91ec75a4cb57_1/placeholder.java" /><file href="vpl/id46a452b9-64b6-4861-b0d1-4eced7d9e696_1/correct.java" /><file href="vpl/id46a452b9-64b6-4861-b0d1-4eced7d9e696_1/cases.txt" /><file href="vpl/id46a452b9-64b6-4861-b0d1-4eced7d9e696_1/placeholder.java" /><file href="vpl/ida04f1e69-2909-4a4a-9847-0fd9439ea428_1/correct.java" /><file href="vpl/ida04f1e69-2909-4a4a-9847-0fd9439ea428_1/cases.txt" /><file href="vpl/ida04f1e69-2909-4a4a-9847-0fd9439ea428_1/placeholder.java" /><file href="vpl/idd8c24804-5fb6-4eaf-af77-df9ea9040f31_1/correct.java" /><file href="vpl/idd8c24804-5fb6-4eaf-af77-df9ea9040f31_1/cases.txt" /><file href="vpl/idd8c24804-5fb6-4eaf-af77-df9ea9040f31_1/placeholder.java" /><file href="vpl/id51a090d7-d753-4ff8-b2ec-d0d8f595b8bf_1/correct.java" /><file href="vpl/id51a090d7-d753-4ff8-b2ec-d0d8f595b8bf_1/cases.txt" /><file href="vpl/id51a090d7-d753-4ff8-b2ec-d0d8f595b8bf_1/placeholder.java" /><file href="vpl/id341ead50-575c-4e0f-bd62-2b07bc8174bc_1/correct.java" /><file href="vpl/id341ead50-575c-4e0f-bd62-2b07bc8174bc_1/cases.txt" /><file href="vpl/id341ead50-575c-4e0f-bd62-2b07bc8174bc_1/placeholder.java" /><dependency identifierref="idc3214637_7d65_4c73_aaf0_15f5409be93c" /><dependency identifierref="id4bd81799_7a4f_4f81_bf2c_5cadbe4bbfb1_1" /><dependency identifierref="idf76ffdd9_b0a8_4d5c_bd16_2673a5efac7a_1" /><dependency identifierref="id489ebb33_33ba_45f0_981d_7e439ad44171_1" /><dependency identifierref="id1e7669bc_134b_4ae6_9420_bc82560b5114_1" /><dependency identifierref="ida8380de5_fae8_4fb7_9c6d_b3199bb7c52d_1" /><dependency identifierref="id8c7c9243_4201_4bd9_9c3c_1e22f3e75dfe_1" /><dependency identifierref="id8a671aa3_7f17_48b7_84ea_b3f480dff3ec_1" /><dependency identifierref="id8a12fced_be8b_4f1a_b61b_52b6f345bf24_1" /><dependency identifierref="id131c2a0f_f24f_4693_951a_ce45ad0f08ee_1" /><dependency identifierref="id8be65999_6d3d_4726_8b93_fddd7ef3b195_1" /><dependency identifierref="id877c3710_d41c_4d61_a07a_3eaf176f131f_1" /><dependency identifierref="idd31f42b7_7ec1_412e_9144_25f60df9ee48_1" /><dependency identifierref="idb9c0b089_32f7_4b3e_8f2b_8ad6a5934174_1" /><dependency identifierref="idf3886107_df8b_4db6_9e75_96fd353a7496_1" /><dependency identifierref="id163e628b_7c84_4f47_8137_1402b41d9306_1" /><dependency identifierref="id86f80426_6f58_4600_b5f4_d3738679f697_1" /><dependency identifierref="id8b8e7d95_82b7_4356_8cb1_41b5c088eb6a_1" /><dependency identifierref="id13371e36_bb4c_48da_a903_4eda843c49a6_1" /><dependency identifierref="idd9ae272a_dd37_4a89_9c6c_cb5a1cd8e014_1" /><dependency identifierref="idaf898c51_abf3_4494_a1b6_91ec75a4cb57_1" /><dependency identifierref="id46a452b9_64b6_4861_b0d1_4eced7d9e696_1" /><dependency identifierref="ida04f1e69_2909_4a4a_9847_0fd9439ea428_1" /><dependency identifierref="idd8c24804_5fb6_4eaf_af77_df9ea9040f31_1" /><dependency identifierref="id51a090d7_d753_4ff8_b2ec_d0d8f595b8bf_1" /><dependency identifierref="id341ead50_575c_4e0f_bd62_2b07bc8174bc_1" /></resource><resource identifier="idc3214637_7d65_4c73_aaf0_15f5409be93c" type="imsqti_item_xmlv2p1" href="idc3214637-7d65-4c73-aaf0-15f5409be93c.xml"><file href="idc3214637-7d65-4c73-aaf0-15f5409be93c.xml" /></resource><resource identifier="id4bd81799_7a4f_4f81_bf2c_5cadbe4bbfb1_1" type="imsqti_item_xmlv2p1" href="id4bd81799-7a4f-4f81-bf2c-5cadbe4bbfb1_1.xml"><file href="id4bd81799-7a4f-4f81-bf2c-5cadbe4bbfb1_1.xml" /></resource><resource identifier="idf76ffdd9_b0a8_4d5c_bd16_2673a5efac7a_1" type="imsqti_item_xmlv2p1" href="idf76ffdd9-b0a8-4d5c-bd16-2673a5efac7a_1.xml"><file href="idf76ffdd9-b0a8-4d5c-bd16-2673a5efac7a_1.xml" /></resource><resource identifier="id489ebb33_33ba_45f0_981d_7e439ad44171_1" type="imsqti_item_xmlv2p1" href="id489ebb33-33ba-45f0-981d-7e439ad44171_1.xml"><file href="id489ebb33-33ba-45f0-981d-7e439ad44171_1.xml" /></resource><resource identifier="id1e7669bc_134b_4ae6_9420_bc82560b5114_1" type="imsqti_item_xmlv2p1" href="id1e7669bc-134b-4ae6-9420-bc82560b5114_1.xml"><file href="id1e7669bc-134b-4ae6-9420-bc82560b5114_1.xml" /></resource><resource identifier="ida8380de5_fae8_4fb7_9c6d_b3199bb7c52d_1" type="imsqti_item_xmlv2p1" href="ida8380de5-fae8-4fb7-9c6d-b3199bb7c52d_1.xml"><file href="ida8380de5-fae8-4fb7-9c6d-b3199bb7c52d_1.xml" /></resource><resource identifier="id8c7c9243_4201_4bd9_9c3c_1e22f3e75dfe_1" type="imsqti_item_xmlv2p1" href="id8c7c9243-4201-4bd9-9c3c-1e22f3e75dfe_1.xml"><file href="id8c7c9243-4201-4bd9-9c3c-1e22f3e75dfe_1.xml" /></resource><resource identifier="id8a671aa3_7f17_48b7_84ea_b3f480dff3ec_1" type="imsqti_item_xmlv2p1" href="id8a671aa3-7f17-48b7-84ea-b3f480dff3ec_1.xml"><file href="id8a671aa3-7f17-48b7-84ea-b3f480dff3ec_1.xml" /></resource><resource identifier="id8a12fced_be8b_4f1a_b61b_52b6f345bf24_1" type="imsqti_item_xmlv2p1" href="id8a12fced-be8b-4f1a-b61b-52b6f345bf24_1.xml"><file href="id8a12fced-be8b-4f1a-b61b-52b6f345bf24_1.xml" /></resource><resource identifier="id131c2a0f_f24f_4693_951a_ce45ad0f08ee_1" type="imsqti_item_xmlv2p1" href="id131c2a0f-f24f-4693-951a-ce45ad0f08ee_1.xml"><file href="id131c2a0f-f24f-4693-951a-ce45ad0f08ee_1.xml" /></resource><resource identifier="id8be65999_6d3d_4726_8b93_fddd7ef3b195_1" type="imsqti_item_xmlv2p1" href="id8be65999-6d3d-4726-8b93-fddd7ef3b195_1.xml"><file href="id8be65999-6d3d-4726-8b93-fddd7ef3b195_1.xml" /></resource><resource identifier="id877c3710_d41c_4d61_a07a_3eaf176f131f_1" type="imsqti_item_xmlv2p1" href="id877c3710-d41c-4d61-a07a-3eaf176f131f_1.xml"><file href="id877c3710-d41c-4d61-a07a-3eaf176f131f_1.xml" /></resource><resource identifier="idd31f42b7_7ec1_412e_9144_25f60df9ee48_1" type="imsqti_item_xmlv2p1" href="idd31f42b7-7ec1-412e-9144-25f60df9ee48_1.xml"><file href="idd31f42b7-7ec1-412e-9144-25f60df9ee48_1.xml" /></resource><resource identifier="idb9c0b089_32f7_4b3e_8f2b_8ad6a5934174_1" type="imsqti_item_xmlv2p1" href="idb9c0b089-32f7-4b3e-8f2b-8ad6a5934174_1.xml"><file href="idb9c0b089-32f7-4b3e-8f2b-8ad6a5934174_1.xml" /></resource><resource identifier="idf3886107_df8b_4db6_9e75_96fd353a7496_1" type="imsqti_item_xmlv2p1" href="idf3886107-df8b-4db6-9e75-96fd353a7496_1.xml"><file href="idf3886107-df8b-4db6-9e75-96fd353a7496_1.xml" /></resource><resource identifier="id163e628b_7c84_4f47_8137_1402b41d9306_1" type="imsqti_item_xmlv2p1" href="id163e628b-7c84-4f47-8137-1402b41d9306_1.xml"><file href="id163e628b-7c84-4f47-8137-1402b41d9306_1.xml" /></resource><resource identifier="id86f80426_6f58_4600_b5f4_d3738679f697_1" type="imsqti_item_xmlv2p1" href="id86f80426-6f58-4600-b5f4-d3738679f697_1.xml"><file href="id86f80426-6f58-4600-b5f4-d3738679f697_1.xml" /></resource><resource identifier="id8b8e7d95_82b7_4356_8cb1_41b5c088eb6a_1" type="imsqti_item_xmlv2p1" href="id8b8e7d95-82b7-4356-8cb1-41b5c088eb6a_1.xml"><file href="id8b8e7d95-82b7-4356-8cb1-41b5c088eb6a_1.xml" /></resource><resource identifier="id13371e36_bb4c_48da_a903_4eda843c49a6_1" type="imsqti_item_xmlv2p1" href="id13371e36-bb4c-48da-a903-4eda843c49a6_1.xml"><file href="id13371e36-bb4c-48da-a903-4eda843c49a6_1.xml" /></resource><resource identifier="idd9ae272a_dd37_4a89_9c6c_cb5a1cd8e014_1" type="imsqti_item_xmlv2p1" href="idd9ae272a-dd37-4a89-9c6c-cb5a1cd8e014_1.xml"><file href="idd9ae272a-dd37-4a89-9c6c-cb5a1cd8e014_1.xml" /></resource><resource identifier="idaf898c51_abf3_4494_a1b6_91ec75a4cb57_1" type="imsqti_item_xmlv2p1" href="idaf898c51-abf3-4494-a1b6-91ec75a4cb57_1.xml"><file href="idaf898c51-abf3-4494-a1b6-91ec75a4cb57_1.xml" /></resource><resource identifier="id46a452b9_64b6_4861_b0d1_4eced7d9e696_1" type="imsqti_item_xmlv2p1" href="id46a452b9-64b6-4861-b0d1-4eced7d9e696_1.xml"><file href="id46a452b9-64b6-4861-b0d1-4eced7d9e696_1.xml" /></resource><resource identifier="ida04f1e69_2909_4a4a_9847_0fd9439ea428_1" type="imsqti_item_xmlv2p1" href="ida04f1e69-2909-4a4a-9847-0fd9439ea428_1.xml"><file href="ida04f1e69-2909-4a4a-9847-0fd9439ea428_1.xml" /></resource><resource identifier="idd8c24804_5fb6_4eaf_af77_df9ea9040f31_1" type="imsqti_item_xmlv2p1" href="idd8c24804-5fb6-4eaf-af77-df9ea9040f31_1.xml"><file href="idd8c24804-5fb6-4eaf-af77-df9ea9040f31_1.xml" /></resource><resource identifier="id51a090d7_d753_4ff8_b2ec_d0d8f595b8bf_1" type="imsqti_item_xmlv2p1" href="id51a090d7-d753-4ff8-b2ec-d0d8f595b8bf_1.xml"><file href="id51a090d7-d753-4ff8-b2ec-d0d8f595b8bf_1.xml" /></resource><resource identifier="id341ead50_575c_4e0f_bd62_2b07bc8174bc_1" type="imsqti_item_xmlv2p1" href="id341ead50-575c-4e0f-bd62-2b07bc8174bc_1.xml"><file href="id341ead50-575c-4e0f-bd62-2b07bc8174bc_1.xml" /></resource></resources></manifest>
